5.7915,22.751,43.034,65.803,77.344,104.84,124.41,140.13,151.23,183.51,208.07,217.34,243.37,266.58,275.89,301.37,327.13,337.55
2.6265,27.424,35.339,53.977,86.98,100.36,110.71,133.41,155.21,173.86,191.84,227.22,234.11,262.64,277.69,302.53,326.08,343.26
3.753,18.687,41.711,68.393,87.741,92.476,124.56,130.15,162.74,175.62,196.19,211.11,243.91,254.37,277.65,308.17,328.4,346.54
-8.2556,19.659,35.759,61.539,70.643,108.15,112.24,140.25,157.57,171.47,193.76,213.6,241.71,251.46,288.04,300.19,319.67,331.67
-6.8981,29.46,30.539,57.007,89.228,92.471,117.48,131.36,158.42,182,191.58,215.56,243.81,251.53,289.47,307.64,327.01,330.39
3.8782,17.986,48.696,55.264,81.478,102.83,121.42,144.08,155.37,174.89,202.8,216.97,246.23,267.95,284.57,293.85,321.82,347.28
-0.75257,11.879,43.976,52.192,74.066,97.795,115.63,130.82,167.83,177.62,191.37,226.9,247.64,254.55,281.71,290.64,325.04,348.3
-6.7035,26.262,34.893,60.383,73.936,100.16,113.28,135.67,161.62,172.69,194.23,218.01,239.58,264.78,286.96,300.02,319.98,337.74
-9.5884,11.647,42.55,61.876,89.149,104.45,127.36,130.93,167.7,187.21,208.5,226.63,235.82,268.26,283.52,293.41,327.45,345.9
4.5061,11.034,48.226,52.643,83.945,96.979,126.79,147,152.59,179.15,190.64,224.54,236.84,254.7,271.3,306.11,323.52,332.49
-5.1257,16.963,34.06,57.51,79.514,101.67,116.28,138.61,163.3,182.84,197.79,228.58,242.96,269.72,283.8,301.66,329.25,347.03
-6.2867,17.461,34.679,59.589,74.919,92.083,124.19,147.66,168.21,176.07,209,220.19,248.49,253.06,283.85,297.38,325.93,346.06
-9.9134,15.662,34.798,69.245,73.645,98.962,123.91,136.33,168.37,170.88,193.05,222.53,236.81,265.79,274.16,307.75,310.38,335.1
7.6415,16.219,41.05,59.677,77.248,109.32,122.45,148.71,163.09,177.05,208.5,219.76,248.83,265.64,287.58,304.52,322.37,345.66
5.9965,12.572,40.479,56.385,83.876,107.21,123.73,138.3,150.63,176.92,203.81,211.38,247.97,253.24,284.05,307.3,319.12,342.2
-6.1184,25.7,49.608,60.205,86.923,98.637,121.8,140.79,152.02,182.57,197.63,212.64,243.5,261.66,276.07,304.78,311.97,337.54
5.2975,19.899,45.507,67.498,72.024,95.071,123.86,133.73,152,184.27,190.26,227.65,242.09,260.34,284.67,303.26,313.45,341.07
-2.1851,13.011,46.414,66.852,86.376,105.6,127.57,134.47,156.06,177.62,198.6,220.9,232.08,266.43,282.76,309.87,323.22,331.15
6.2282,12.152,49.569,67.841,81.63,93.468,115.27,147.25,164.03,170.92,209.16,210.22,233.52,267.17,288.65,290.31,324.85,337.45
-0.34448,11.901,49.147,64.063,89.354,100.36,112.67,132.59,155.43,177.88,203.59,216.44,240.67,266.67,278.22,295.44,313.03,330.98
6.6617,25.32,43.563,52.798,71.202,91.548,122.71,136.62,158.15,182.14,193.67,215.47,241.58,252.23,286.15,296.97,320.25,338.87
7.635,15.725,42.698,67.724,77.702,101.13,122.65,144.56,160.44,180.47,200.98,218.36,238.8,254.54,276.3,296.97,328.89,340.09
2.2557,17.907,43.832,67.109,71.619,103.43,128.77,139.16,158.28,175.48,203.94,211.73,236.22,263.18,286.95,292.31,317.38,334.09
-5.579,20.674,32.178,53.695,89.601,90.415,112.02,137.41,154.66,186.98,203.6,227.04,234.61,261.32,274.3,304.32,320.26,347.25
-6.0648,10.664,43.472,52.121,73.487,104.18,127.37,144.2,159.05,173.31,201.08,224.27,231.05,256.07,276.4,308.36,316.16,336.97
3.9237,29.767,30.779,67.389,74.061,105.06,113.89,142.99,162.36,177.26,208.45,215.4,233.65,262.1,276.15,291.31,310.78,347.62
2.0443,28.737,40.722,65.169,80.022,107.46,119.75,145.4,151.52,179.24,201.65,215.27,241.68,268.71,281.32,300.3,327.81,336.46
3.2127,25.462,46.311,52.857,89.844,104.93,120.22,137.66,150.23,189.67,197.66,215.4,234.29,258.85,273.71,295.17,327.81,340.14
6.1558,14.678,42.585,58.931,72.722,90.772,114.52,138.29,150.26,174.06,203.62,229.7,233.13,263.24,282.44,296.88,320.11,344.47
-5.4065,17.421,41.321,57.936,83.903,102.73,115.02,140.28,156.17,189.91,204.35,223.92,237.51,267.61,277.74,308.75,324.89,341.29
-4.0061,20.53,44.532,55.796,84.538,109.99,112.56,144.58,153.24,183.63,209.9,217.96,247.37,257.31,278.5,304.68,327.74,334.58
-3.8271,29.449,36.492,65.884,70.165,101.86,112.93,134.62,152.73,186.97,206.77,214.66,231.45,258.09,279.76,301.21,312.5,335.01
-2.7911,29.863,43.73,53.193,78.03,106.92,110.18,141.51,168.8,184.25,193.82,229.28,235.37,255.76,285.01,303.94,312.41,340.6
-6.5181,12.328,48.1,53.064,80.827,105.56,114.92,149.61,169.62,171.59,204.84,218.01,237.15,255.62,281.14,292.43,318.63,332.46
-5.1156,28.234,41.458,55.109,72.835,105.63,124.95,141.71,155.66,181.15,195.28,210.36,237.19,251.19,275.3,309.23,318.63,346.97
-2.8996,25.885,33.747,55.618,73.177,91.203,122.69,138,159.16,179.52,192.75,212.48,231.07,254.06,279.61,292.67,320.25,340.51
-3.4363,10.608,35.451,54.22,83.495,91.367,117.07,147.12,164.17,183.08,203.28,224.87,246.08,252.44,274.08,294.67,311.75,345.32
-8.3312,29.039,35.515,60.502,79.542,97.475,115.06,140.54,162.43,178.86,199.81,229.36,246.18,265.56,288.09,300.61,326.84,338.22
1.1498,11.917,38.494,61.464,87.229,97.629,113.36,136.14,161.82,189.87,191.7,217.35,246.26,256.56,282.66,301.02,326.68,336.36
-0.89046,14.033,40.491,61.541,76.554,99.136,125.52,144.58,162.87,170.94,190.12,219.04,230.84,260.5,289.15,294.46,316.58,330.98
6.5748,26.339,34.344,65.274,70.059,99.954,126.19,137.94,157.44,179.43,196.66,225.18,248.07,254.91,289.43,295.17,321.11,340.6
6.4692,17.173,32.507,52.139,82.756,104.06,126.49,139.76,163.97,178.56,208.74,227.67,233.48,250.85,276.31,290.17,312.65,341.43
4.8977,27.048,39.647,57.383,78.43,96.002,113.21,142.24,159.17,180.47,209.68,218.52,234.68,251.53,271.52,300.94,328.91,335.44
-1.609,19.023,45.24,55.092,84.124,106.19,118.86,144.72,158.57,175.03,201.7,228.48,241.08,259.09,272.67,290.5,314.33,334.16
-9.1778,24.476,30.767,56.488,89.867,91.713,110.85,148.07,161.26,181.56,206.1,221.92,249.15,255.94,282.27,297.33,312.79,339.54
-5.3293,27.914,30.389,52.141,77.097,109.62,111.98,149.74,168.78,179.21,198.42,218.25,241.91,268.77,278.14,292.07,315.8,339.62
2.0691,20.114,35.508,56.733,77.883,102.22,129.35,137.57,165.78,173.66,193.54,210.4,234.98,251.11,275.56,305.97,311.19,348.7
-1.6627,16.754,37.543,54.899,85.827,92.218,120.85,147.09,161.55,185.73,195.69,229.52,248.38,262.13,276.73,297.94,325.71,335.76
-8.8951,13.371,36.86,66.279,74.125,90.122,128.36,140.56,154.78,175.91,193.96,226.35,233.81,259.79,270.37,297.77,318.52,337.8
-5.953,22.014,48.571,61.739,78.219,95.115,129.9,135.6,159.55,184.37,202.15,226.91,243.72,252.03,280.09,307,328.03,348.55
3.6124,13.515,41.004,53.633,79.883,100.72,111.81,134.36,167.62,180.99,208.24,222.38,244.37,254.09,277.29,305.32,324.93,341.15
-0.90934,12.898,45.5,56.426,71.547,99.02,115.29,139.06,160.57,170.68,202.34,226.83,247.08,257.05,288.27,298.74,321.85,336.43
0.017208,28.524,35.771,64.231,75.644,91.03,117.04,148.25,151.89,185.61,190.22,224,244.17,254.51,276.45,299.87,327.97,342.9
-1.4855,27.095,31.759,56.979,81.699,98.014,120.55,139.36,169.59,174.05,198.71,228.6,235.32,264.96,278.13,302.22,316.65,336.53
-9.8306,24.86,48.702,52.642,72.283,105.23,118.58,144.49,155.42,183.36,196.12,210.86,242.69,261.11,281.2,297.62,328.19,349.16
0.10753,16.837,46.513,63.622,73.154,96.26,113.46,134.46,168.52,176.19,197.75,221.77,248.04,263.81,279.27,307.34,323.18,349.82
-4.1576,25.5,36.233,65.033,84.965,92.776,129.7,148.4,153.72,180.13,206.77,223.47,236.62,265.78,277.6,309.01,311.76,349.66
-0.41232,16.921,31.883,69.744,72.849,98.74,113.78,148.73,168.13,171.71,196.27,220.75,241.2,264.08,275.3,309.04,325.14,346.51
4.8441,10.555,44.589,55.991,86.331,97.603,111.01,139.24,157.82,177.25,192.09,225.91,243.03,266.2,281.96,308.17,318.99,333.86
-1.1023,22.809,30.333,55.734,87.938,91.794,128.44,139.38,151.5,176.49,209.49,213.46,232.45,258.68,281.9,296.73,322.5,335.07
-9.3989,22.196,48.651,56.764,85.261,94.081,125.56,136.03,161.25,187.97,202.92,219.48,248.49,260.88,283.02,290.63,327.53,338.02
1.3263,11.31,49.671,60.844,81.508,93.584,127.28,130.25,164.7,188.76,207.65,227.13,242.4,251.55,270.38,294.24,324.63,338.15
-9.8769,14.254,33.967,59.501,79.66,96.776,125.64,138.37,159.46,189.97,198.92,224.3,239.47,261.84,282.82,309.48,315.13,335.24
6.4581,11.502,47.525,51.049,75.148,102.87,123.38,135.18,160.34,188,209.57,221.96,238.54,254.27,276.67,306.77,326.27,339.4
6.0069,24.342,45.601,62.197,86.775,104.3,116.66,147.6,169.65,183.78,193.85,213.76,238.71,260.82,287.71,290.2,324.11,349.4
-2.755,10.912,42.222,51.832,74.406,102.61,120.09,137.79,155.97,171.72,208.55,216.8,239.25,265,275.58,297.16,312.46,345.43
7.5509,21.808,49.152,53.895,89.712,105.88,122.04,149.59,156.61,188.4,200.69,211.81,232.5,262.91,286.59,302.72,325.16,342.17
1.1019,16.353,38.895,60.226,76.41,93.255,126.26,138.37,154.97,182.49,192.33,215.01,242.21,263.52,286.3,302.32,327.16,341.96
6.6041,10.649,32.898,60.307,87.264,99.674,129.07,134.7,160.76,186.96,199.19,223.07,231.84,253.2,271.26,303.04,313.69,345.79
9.1195,21.994,46.468,58.667,83.761,90.146,115.6,131.59,155.46,179.15,190.28,226.19,243.91,262.91,276.57,303.89,323.56,346.03
6.5455,21.527,36.397,64.107,88.338,109.54,114.89,146.07,152.64,175.35,196.59,228.68,233.88,253.55,274.09,305.16,323.73,344.34
-4.1447,10.369,41.06,61.983,72.98,93.554,120.52,140.02,158.12,173.24,195.09,219.97,247.75,257.62,277.12,306.08,321.55,345.54
-3.4645,21.779,47.244,62.753,75.654,94.272,118,131.48,157.57,173.2,194.2,215.68,233.32,260.53,289.16,297.46,323.05,349.59
3.3851,18.846,44.95,51.315,80.116,102.43,114.97,134.3,160.2,183.01,207.22,218.97,238.22,269.47,282,302.58,327.44,339.13
-5.7144,10.978,48.042,53.986,80.132,101.65,124.48,144.1,167.5,185.8,208.8,227.92,248.96,253.27,284.15,295.1,321.71,343.8
-0.66147,24.14,46.691,53.153,74.397,95.311,115.37,149.53,151.08,181.21,202.94,224.77,248.44,254.9,273.95,290.58,310.8,336.03
-7.424,19.583,30.103,56.881,88.888,91.096,129.11,144.23,157.8,172.85,199.91,213.63,248.29,257.57,283.93,303.96,317.72,331.43
-1.4005,29.755,30.403,50.073,77.701,91.869,121.76,147.81,153.77,186.33,209.5,213.1,243.1,257.51,271.56,305.33,321.03,346.1
4.4471,18.628,32.366,56.168,70.597,103.33,111.18,136.86,165.76,170.4,200.33,213.99,247.07,263.09,278.36,295.84,326.01,339.79
-8.3907,23.199,31.29,55.07,80.747,107.42,117.42,138.44,155.62,175.89,194.13,214.37,238.75,267.89,276.98,290.07,314.38,345.55
-9.0583,14.752,37.895,68.071,83.994,109.02,125.25,135.56,153.15,170.97,192.55,214.03,244.66,262.36,281.64,294.74,320.55,345.15
7.0166,10.63,31.758,65.103,74.936,90.398,129.61,145.78,165.03,172.5,207.5,218.57,237.52,262.46,274.58,300.85,322.84,348.82
2.5165,18.171,35.394,54.681,87.891,105.58,121.77,143.42,158.67,187.98,209.1,212.17,249.27,257.56,279.79,304.77,327.84,332.71
2.5375,12.815,43.887,55.151,77.446,93.833,127.36,142.23,159.66,183.26,193.26,229.94,231.83,262.51,278.86,307.38,315.19,332.34
-6.0039,23.071,32.859,64.034,78.699,98.529,114.99,135.33,151.02,181.32,196.36,218.58,231.94,261.81,273.65,290.62,329.46,345.43
-2.4287,14.167,37.177,67.189,86.738,103.66,116.61,144.26,169.32,170.41,207.47,220.24,235.97,268.27,286.85,294.89,317.48,334.18
-5.6976,20.793,38.591,58.794,88.678,108.8,117.39,143.71,168.87,176.44,204.33,216.28,244.35,260.54,274.03,291.19,321.97,339.95
2.8196,13.71,34.364,55.51,81.697,92.61,119.85,131.46,155.75,177.01,202.34,215.83,237.53,255.12,279.35,296.66,321.93,344.17
4.472,15.673,34.314,60.86,82.377,96.733,117.7,130.89,158.78,183.91,203.58,228.3,232.12,264.55,278.67,292.3,324.59,348.36
-9.6923,12.941,46.031,61.106,77.211,108,121.45,139.73,159.01,174.45,203.72,217.92,249.37,269.11,282.22,293.03,314.5,331.93
-2.2256,24.659,31.158,65.623,88.159,104.67,122.54,140.74,164.89,179.96,192.06,213.83,238.36,253.42,287.41,303.19,310.41,337.69
-3.3371,22.154,42.327,53.924,81.643,96.297,111.18,131.74,168.54,179.35,201.18,214.67,232.03,267.94,282.21,294.76,317.66,337.51
-9.5669,22.9,47.163,67.146,88.689,102.11,111.87,144.7,165.58,176.25,200.49,219.42,236.84,250.55,288.94,297.67,311.13,344.16
-2.3354,19.695,37.915,61.184,76.223,105.84,119.94,143.11,150.91,188.43,205.83,218.81,236.75,253.82,277.61,295.04,314.06,346.19
4.5465,10.587,30.795,52.213,86.065,107.87,121.06,145.33,169.44,175.5,206.72,214.06,246.21,262.12,277.48,303.14,323.46,334.21
2.6491,25.133,34.087,58.599,72.755,103.48,120.74,136.2,166.13,176.59,190.97,217.77,232.8,269.55,280.98,297.79,328.92,330.76
-6.4791,10.262,40.935,53.041,85.963,101.69,117.68,149.45,154.07,182.61,209.18,223.07,241.33,258.07,274.66,292.73,311.86,330.56
-9.7173,11.257,30.771,67.903,81.022,93.594,128.42,132.43,160.64,179.72,208.61,216.37,249.99,268.74,287.32,308.76,321.33,336.27
-6.5814,16.01,38.097,55.665,89.393,99.247,122.87,131.93,156.94,177.08,194.83,211.09,239.27,261.13,284.95,301.43,328.18,331.46
8.795,11.299,45.036,54.732,73.728,98.221,123,135.6,167.17,171.82,209.39,223.75,235.35,254.21,270.74,302,328.19,335.82
9.5703,16.849,45.363,58.476,82.069,102.73,119.1,145.03,160.47,170.85,206.89,224.11,246.02,250.69,278.14,291.31,329.46,337.18
-2.7776,25.241,48.76,61.62,71.603,95.611,126.8,138.37,150.98,187.29,198.73,214.58,243.67,251.79,276.58,303.39,315.98,338.26
-3.8886,18.745,46.988,67.503,73.767,91.084,127.21,144.06,162.95,182.21,192.54,211.5,236.21,251.9,289.54,302.96,321.35,341.69
5.4733,14.732,48.147,55.159,87.441,109.42,112.75,132.09,150.05,187.8,199.65,221.76,236.88,257.43,277.71,301.12,317.23,333.28
-3.3258,29.909,42.789,63.138,74.111,101.71,123.17,141.78,161.69,177.4,199.88,216.65,244.89,259.35,277.17,294.72,318.44,340.9
-3.0928,24.332,40.262,50.396,84.375,98.305,122.36,139.86,160.12,174.13,194.89,216.3,248.49,268.01,273.33,300.71,318.2,334.87
-6.1051,28.808,40.182,61.617,88.21,99.82,127.51,148.25,169.87,186.12,192.27,210.13,238.91,250.63,280.62,290.44,317.97,344.4
-8.245,21.847,33.575,60.622,73.779,98.916,128.3,136.18,159.86,180.45,208.53,227.68,231.01,262.93,270.42,291.53,322.69,346.05
8.2364,23.962,40.567,69.294,86.393,90.672,114.61,133.85,162.35,176.74,208.41,229.67,245.01,266.29,289.67,301.44,322.6,348.17
3.3688,15.756,40.948,66.639,78.728,91.248,129.3,131.82,153.91,188.28,209.83,212.39,236.37,264.43,285.3,293.92,313.15,338.91
5.8096,19.652,42.975,63.404,72.59,107.63,120.5,140.89,152.67,171.37,193.96,229.36,238.45,269.28,274.29,294.19,316.36,335.88
-9.9911,18.314,47.691,69.867,84.068,104.73,128.5,146.8,161.49,179.93,209.3,226.72,238.77,267.15,280.89,294.41,315.01,338.58
-2.6617,29.253,30.407,50.111,84.237,102.03,119.31,144.1,155.82,175.88,196.32,220.41,245.69,264.96,276.32,302.43,312.89,339.87
-8.8952,25.26,39.342,66.052,88.775,91.337,117.12,148.41,151.83,173.11,202.94,229.22,248.58,253.38,276.64,300.73,317.57,347.54
1.3039,15.082,36.191,58.93,81.612,103.27,123.28,146.67,165.53,177.07,193.33,222.69,248.59,269.46,284.46,290.03,326.58,348.72
-7.0001,25.019,41.988,68.656,80.404,99.819,129.85,149.59,169.79,174.04,191.81,223.48,245.47,255.95,287.69,306.53,323.54,335.82
-2.7556,14.54,38.226,51.479,89.428,91.383,117.76,149,167.48,172.11,192.52,222.28,236.05,250.66,283.66,300.36,326.87,348.15
2.4691,29.752,46.794,65.232,71.922,98.481,110.19,138.38,165.74,189.37,203.38,211.83,233.56,254.81,273.92,291.3,320.56,330.38
-3.8349,21.371,45.011,64.101,88.39,94.313,125.83,141.57,169.09,187.88,207.17,224.32,248.36,252.71,280.57,296.63,311.69,343.1
-6.214,17.81,40.404,66.391,76.809,94.276,120.96,146.32,158.74,187.2,203.55,221.13,242.25,266.07,278.54,307.14,313.85,343.66
0.22481,15.082,39.472,66.88,73.764,100.14,127.39,135.66,158.29,172.71,191.63,220.85,235.13,263.98,282.07,307.55,329.86,347.49
-7.829,13.237,45.719,55.848,83.558,92.023,120.17,134.04,151.99,181.95,200.1,211.57,247.63,265.98,275.94,301.55,315.48,348.53
-7.8831,14.91,36.631,63.982,79.703,109.03,129.55,134.29,166.89,176.1,202.92,217.63,233.83,255.68,275.79,291.95,326.68,334.36
8.3813,13.043,43.822,61.056,81.41,100.44,124.96,140.86,169.51,189.47,200.21,216.43,245.02,269.14,275.42,303.73,314.22,337.92
2.41,14.371,42.444,69.306,81.016,103.28,129.68,137.12,154.25,170.42,208.97,210.48,247.37,266.6,278.64,299.42,324.6,342.25
3.7932,12.64,36.88,63.692,87.409,106.48,123.38,132.55,154.19,180.42,192.61,219.03,240.24,257.42,285.94,309.78,312.03,336.35
4.8786,11.374,30.624,69.898,87.939,109.52,117.52,132.74,164.52,176.41,198.84,218.53,240.71,268.72,286.44,308.71,322.66,343.88
4.4162,28.271,40.97,58.936,85.708,100.18,115.04,140.72,150.6,178.02,205.22,220.33,240.64,252.76,281.08,291.36,324.28,336.79
-0.78027,12.555,49.228,54.473,83.789,107.74,115.63,143.97,161.2,188.86,202.7,223.35,243.22,258.18,278.27,292.24,323.59,348.89
-4.3013,18.109,44.841,61.924,76.281,91.355,118.34,148.52,154.12,173.61,205.02,217.11,233.65,259.98,283.38,296.35,316.92,332.85
4.8111,11.554,42.916,58.144,83.826,107.08,127.17,141.9,151.4,181.21,207.29,213.73,237.27,253.53,286.79,291.19,314.33,341.14
-2.7175,14.156,31.437,59.299,75.813,100.49,122.66,134.32,150.98,181.82,197.15,210.3,248.99,261.41,273.51,295.04,312.81,337.85
-1.0588,15.232,48.463,58.565,73.54,109.88,128.36,148.28,166.4,187.06,197.76,223.3,246.33,261.04,277.28,304.38,329.34,332.71
-9.3687,21.661,36.674,54.981,86.085,99.393,124.45,138.47,165.42,174.13,206.45,226.14,234.99,253.97,276.19,301.42,320.82,336.74
0.64709,15.947,44.14,66.454,84.181,108.01,120.4,133.79,155.94,184.68,198.38,217.82,237.53,256.22,283.12,305.17,327.02,330.66
2.4262,19.543,30.409,63.733,79.36,95.172,110.38,142.27,166.4,178.4,207.18,220.14,241.25,258.4,289.36,301.76,320.66,346.54
1.4396,17.333,39.317,53.059,88.429,97.284,118.02,133.9,156.51,175.8,207.81,225.82,242.16,255.66,272.77,295.25,313.18,332.22
-7.1662,10.332,38.335,67.052,89.663,102.59,114.09,130.38,155.84,173.03,192.18,212.29,242.11,254.59,288.88,292.99,326.03,342.23
-8.9766,26.624,42.693,68.52,71.627,91.765,128.44,143.9,167.94,188.58,197.25,211.62,247.38,269.19,281.76,306.76,321.88,335.7
1.573,28.718,37.771,55.852,78.312,101.31,128.4,132.61,151.12,188.66,205.53,230,231.49,250.21,280.49,297.41,313.26,345.21
3.9807,24.118,46.79,66.222,83.461,101.35,126.65,134.3,162.62,178.57,208.17,221.72,242.84,263.31,277.66,302.77,316.11,333.27
8.5886,27.076,36.711,60.761,86.426,107.38,121.56,142.16,153.39,184.56,192.49,222.63,240.17,263.93,286.09,294,312.05,342.74
-4.3559,25.271,37.997,59.595,71.948,107.79,111.7,130.16,166.59,185.04,205.21,224.56,237.97,258.2,288.12,295.14,312.26,338.07
9.9871,22.874,36.219,53.128,70.473,104.78,122.75,139.97,164.09,175.58,197.55,217.47,233.05,260.88,279.81,305.5,312.55,334.42
7.8576,13.531,48.408,62.747,73.355,93.13,120.32,149.38,169.54,179.6,205.39,219.01,234.39,264.08,284.81,304.9,327.26,344.92
4.0257,25.041,44.208,55.027,87.977,102.18,112.64,141,169.09,176.23,196.22,225.12,242.7,260.82,289.37,295.48,317.24,344.1
-4.756,27.093,35.629,68.215,85.705,106.62,112.97,132.5,166.08,183.86,193.76,225.19,247.51,254.78,274.01,302.2,320.64,337.87
7.5305,18.492,43.919,67.378,76.491,103.73,117.97,133.26,159.93,174.86,196.07,229.79,241.3,268.29,275.19,300.68,315.98,342.88
-3.9785,16.39,34.754,59.29,72.989,96.323,115.16,131.15,167.37,172.31,207.82,221.29,246.37,264.44,276.07,309.5,310.84,344.57
3.9998,19.688,35.987,66.653,76.116,108.81,125.94,142.96,163.68,188.45,197.73,213.32,249.74,253.92,271.76,293.56,318.48,330.03
-6.2096,17.834,41.432,68.544,76.946,98.676,113.29,149.29,151.96,184.39,204,218.26,246.88,265.38,279.46,291.84,323.89,333.17
1.8291,27.136,37.423,54.68,83.42,99.476,129.08,142.05,155.54,172.1,190.86,228.18,244.96,258.48,288.16,307.9,323.19,348.35
9.6427,14.776,37.644,63.318,84.96,103.35,114.99,134.69,166.27,170.48,192.35,228.88,246.49,256.98,271.73,293.28,311.21,333.38
1.8861,21.416,32.007,50.52,76.223,105.92,116.9,141.45,153.4,182.99,195.43,222.51,230.53,265.23,287.44,290.02,318.33,343.74
-4.2168,27.419,40.86,64.663,87.565,99.993,117.12,139.61,154.62,181.68,205.14,215.23,237.66,269.41,278.03,305.28,318.89,338.05
7.9924,15.215,39.37,57.1,86.594,107.44,117.12,140.74,157.06,183.58,204.99,213.79,237.38,253.95,281.34,307.15,314.29,338.81
8.4662,28.545,47.326,51.329,79.274,99.405,126.28,140.43,166.68,186.57,198.92,220.08,242.45,252.41,272.34,302.28,318.29,339.26
8.443,24.61,31.403,62.947,76.399,107.61,125.15,140.03,152.64,170.68,197.22,213.34,242.89,259.39,276.85,293.4,329.45,349.35
9.5877,23.343,37.606,56.316,86.896,105.73,116.38,145.63,165.85,171.98,197.51,219.44,238.96,264.46,272.22,293.64,319.32,339.29
1.9488,27.488,34.293,67.978,87.5,102.54,123.33,137.92,163.87,170.85,207.89,217.57,236.35,269.97,288.8,293.82,321.42,339.56
-8.9042,12.156,32.689,57.934,75.819,102.69,124.5,148.65,168.04,174.44,203.94,224.1,231.61,250.65,286.44,291.24,325.69,347.62
3.33,12.348,34.844,61.991,80.169,96.944,122.7,143.28,164.72,182.52,192.48,223.99,248.89,267.39,270.07,295.4,311.11,347.68
3.5207,24.685,46.49,69.606,83.629,107.8,125.85,137.04,154.59,189.28,194.8,224.83,238.49,254.33,272.29,306.03,313.54,334.77
5.2183,28,47.55,54.189,81.291,93.33,122.29,131.61,156.78,170.54,198.66,227.91,246.62,263.07,275.05,309.47,315.86,335.24
7.38,10.937,46.654,67.437,80.127,96.316,116.67,141.65,151.76,175.93,192.94,225.59,242.68,253.29,274.67,298.78,329.05,336.4
-5.1865,28.576,33.513,54.111,87.019,93.272,118.67,146.14,158.22,171.41,206.48,227.81,247.32,264.16,276.87,293.02,311.32,342.66
-6.7766,17.128,32.582,67.445,78.67,97.805,119.24,130.33,169.27,174.21,207.74,223.73,241.95,255.74,284.88,301.96,319.79,345.57
3.7616,23.58,41.904,61.69,82.561,98.577,126.94,145.38,164.52,178.9,196.28,212.31,238.94,259.54,281.14,306.76,311.56,344.13
-8.6005,19.674,45.155,61.684,89.259,95.049,127.47,145.04,169.5,187.39,195.96,219.11,236.79,252.3,273.42,307.95,322.51,338.9
6.9235,27.33,45.382,52.437,78.751,99.159,123.6,130.52,163.08,173.49,207.25,229.14,243.28,254.76,270.6,293.98,313.18,343.1
-5.603,23.189,45.394,54.299,72.257,97.809,110.81,132.12,155.1,178.14,195.17,215.29,243.19,265.19,286.45,301.44,320.96,339.82
-2.616,22.686,37.94,61.924,86.652,99.074,126.78,132.82,153.58,176.73,192.32,224.28,248.48,260.78,280.67,306.49,311.94,339.41
1.1657,28.442,37.539,50.763,85.705,109.39,119.96,132.14,157.27,176.52,193.04,219.09,241.39,264.59,271.07,304.27,310.8,340.57
5.5361,20.783,34.837,53.907,76.847,92.357,110.87,140.03,164.78,184.23,203.04,219.94,241.9,267.83,273.29,307.73,323.67,341.62
0.23064,14.673,45.768,54.908,78.261,94.736,122.38,133.9,158.7,188.07,206.87,223.57,243.38,254.39,280.44,308.62,324.92,335.42
1.5674,17.09,30.609,52.182,82.651,107.21,126.34,149.21,154.72,183.64,207.09,214.35,231.6,260.12,272.02,297.62,315.78,345.11
-6.5663,16.902,39.742,58.415,80.596,102.63,112.94,136.15,150.68,183.16,200.48,217.95,233.32,254.89,286.39,306.6,313.35,343.08
4.6328,25.77,38.332,65.646,78.344,90.226,115.62,132.62,159.83,174.7,204.29,223.81,234.09,263.07,275.12,308.24,311.67,341.1
4.5552,29.415,46.31,56.487,85.622,106.82,125.07,133.34,155.13,170.79,208.79,217.24,237.11,252.04,283.32,293.35,317.69,342.04
-5.5353,29.384,40.544,63.641,89.195,102.47,123.49,144.26,159.48,171.1,202.05,227.77,242.08,266.47,285.2,308.09,321.48,331.62
0.9855,25.611,39.447,62.887,73.417,99.387,126.43,140.15,159.11,182.79,205.13,221.2,232.55,257.13,279.68,306.92,315.98,344.82
4.0473,25.789,35.772,65.158,89.571,97.445,112.39,141.63,160.76,187.42,201.1,216.55,230.08,252.42,288.4,296.63,321.72,344.14
-9.6837,26.269,35.236,68.535,84.086,104.15,112.85,144.21,169.87,174.02,205.07,227.8,247.79,250.72,285.98,304.25,320.07,338.78
2.8095,14.438,40.832,67.989,76.942,101.58,122.53,135.05,167.47,175.13,193.88,216.95,243.59,259.58,281.33,308.88,316.33,345.61
-4.8606,15.555,34.548,52.365,78.138,94.813,121.79,140.22,163.93,188.54,206.45,214.41,232.51,261.19,282.73,304.9,313.05,349.43
-3.1348,27.278,35.415,62.806,83.412,95.557,122,133.88,163.19,183.77,204.97,226.63,248.84,256.43,275.43,300.33,315.9,336.55
6.6085,21.816,37.368,56.53,83.037,96.726,111.06,144.42,169.91,179.07,199.76,216.08,232.53,260.59,283.65,307.58,324.55,342.54
3.5658,10.392,33.002,66.93,77.867,109.25,125.35,139.41,168.17,170.69,199.18,227.82,249.03,258.44,270.12,305.06,321.59,346.1
-2.1933,21.009,34.078,50.31,82.606,97.661,112.84,145.81,153.13,172.8,199.11,229.86,241.3,251.31,281.93,292.41,312.29,334.98
7.8154,29.286,40.926,61.685,88.245,93.172,123.54,142.46,153.85,181.94,199.77,219.1,237.11,269.75,289.77,295.56,310.58,333.96
2.4521,11.475,39.499,54.446,88.828,100.15,128.25,148.21,166.59,180.83,198.49,217.47,247.77,262.69,280.54,293.73,325.47,349.57
7.9219,18.669,32.379,55.684,84.558,105.5,114.08,149.45,153.18,178.58,192.79,223.81,244.7,254.66,275.56,294.36,317.74,332.12
8.3164,29.081,31.189,69.486,76.161,102.34,119.25,137.02,161.56,177.12,192.77,228.16,230.32,255.74,284.26,296.18,312.21,332.14
-3.3601,13.859,49.464,65.402,79.793,104.12,112.12,146.58,158.22,185.18,205.96,212.03,239.12,257.96,273.3,304.7,321.07,332.5
6.4193,16.197,45.495,65.38,83.839,101.26,116.71,133.24,169.26,183.87,197.46,229.75,247.08,254.25,272.09,303.27,320.01,347.85
9.2965,13.147,33.125,57.101,79.924,103.45,120.64,138.36,154.76,186.79,205.51,229.83,235.82,268.64,283.3,290.69,320.3,331.7
5.4013,10.654,44.796,51.736,73.776,102.36,122.97,149.11,160.06,181.15,209.2,213.7,240.81,263.62,273.5,305.76,328.2,337.92
9.0879,11.537,35.275,67.553,73.594,100.51,127.74,147.18,169.39,187.65,207.53,226.49,243.79,266.23,285.84,300.03,325.15,332.32
-4.0513,12.414,37.419,59.41,73.805,101.25,113.66,141.85,164.78,172.51,194.52,219.75,236.86,264.9,285.78,306.44,319.47,339.12
-0.99653,26.944,32.256,54.417,76.544,106.98,114.26,145.66,169.95,176.88,202.73,216.92,246.76,266.87,281.12,306.97,311.71,340.14
1.9374,15.508,46.15,65.539,89.353,102.54,121.34,145.29,163.87,187.65,192.22,214.56,234.5,260.69,271.93,295.9,321.87,345.75
7.0028,15.206,32.267,56.992,72.049,108.33,128.27,130.38,152.47,186.83,193.79,216.51,234.5,262.99,283.5,299.23,320.29,345.1
-5.0136,12.349,34.849,64.836,86.722,97.492,123.84,137.92,169.08,186.83,208.29,220.63,236.1,254.44,271.71,308.6,325.31,347.03
-6.4128,19.306,41.73,51.305,89.961,106.98,123.19,132.45,153.14,173.68,206.15,221.92,242.3,259.4,279.8,306.47,316.73,344.97
-3.195,22.404,35.234,61.877,74.944,95.646,126.86,132.28,159.1,183.03,200.12,220.08,248.03,268.89,289.6,293.66,322.61,340.87
6.8726,18.374,35.989,53.861,81.574,105.42,115.49,136.01,155.44,176.78,191.67,214.91,241.06,265.27,285.07,291.67,327.59,344.49
6.4847,19.391,40.551,65.647,72.784,99.552,116.08,138.41,166.7,170.84,193.82,213.36,245.63,254.69,280.95,294.66,320.79,344.65
-7.6612,16.41,39.43,67.044,87.231,94.633,119.07,131.41,162.25,183,207.38,228.36,240.02,269.96,285.62,306.94,312.57,335.98
6.8947,19.089,45.71,68.332,76.683,101.8,126.11,134.23,151.63,188.35,203.91,229.35,230.62,259.44,271.89,307.12,328.87,335.72
5.4125,27.616,42.637,59.269,88.358,106.64,122.56,147.35,167.35,170.14,203.78,214.71,240.82,264.21,276.36,290.39,317,332.69
-3.1385,17.88,38.827,53.643,77.822,92.317,123.78,148.38,159.85,188.02,209.93,217.05,246.19,257.05,277.71,305.23,312.82,341.79
0.42758,22.154,47.2,61.549,88.068,101.21,119.02,142.8,160.03,172.8,191.95,223.39,247.77,261.59,285.13,299.86,312.61,349.9
-1.1068,25.268,49.343,57.132,72.277,90.215,119.55,140.6,150.16,189.22,198.02,212.11,242.97,251.78,284.16,308.66,319.49,340.97
5.2764,28.231,46.587,64.411,73.679,93.65,112.52,130.45,157.57,176.87,197.93,212.03,238.55,256.97,270.65,294.33,314.09,339.57
-2.22,16.776,47.761,55.24,73.195,94.176,123.11,146.1,158.78,171.7,201.46,217.91,246.56,252.93,288.49,301.05,311.67,349.67
9.4345,14.081,39.378,55.55,86.996,104.14,124.95,139.38,158.15,189.09,208.3,217.98,244.22,267.93,276.14,304.76,310.08,349.92
5.9872,28.344,40.208,56.089,70.332,103.76,121.74,143.51,156.74,187.07,202.57,227.25,233.28,258.58,277.94,307.43,312.31,338.76
9.0306,21.343,31.183,50.467,75.35,91.808,125.01,130.65,151.56,178.12,205.49,225.76,249.3,261.16,288.43,294.37,324.21,349.99
-0.69286,12.278,33.846,63.191,72.406,107.83,124.07,136.28,160.1,182.69,193.3,226.55,242.13,252.23,288.09,304.77,315.89,332.89
-6.8766,15.091,32.656,60.484,87.923,91.346,127.29,138.41,163.86,177.21,204.78,216.07,240.12,252.89,284.72,302.68,329.24,343.2
6.4222,26.364,47.16,58.139,76.924,95.586,117.13,136.16,167.59,174.34,199.57,220.65,249.39,260.21,284.81,307.27,328.45,337.78
6.4091,20.855,46.957,62.43,74.038,105.12,111.28,130.45,166.6,176.8,191.25,226.34,231.35,264.88,289.25,305.21,311.03,348.48
9.9812,13.925,40.04,50.509,76.098,97.848,114.72,135.37,166.82,178.21,203.37,226.25,234.54,259.55,285.71,301.95,324.32,342.11
9.9985,12.158,38.533,59.089,89.83,104.27,128.41,130.69,168.99,180.39,190.37,216.76,230.21,256.63,286.18,303.85,321.37,340.31
3.2072,27.628,43.498,67.687,71.609,101.15,129.26,137.08,168.91,183.1,205.64,215.09,242.59,266.73,281.12,301.24,310.87,334.95
-0.78825,21.788,32.266,52.978,70.638,100.52,122.73,139.79,164.48,182.02,206.75,218.78,234.93,250.53,275.88,309.83,327.11,346.03
8.4105,23.67,48.132,51.228,73.534,107.5,117.24,149.07,160.98,183.39,197.09,217.42,240.68,263.76,284.35,304.1,327.72,344.55
3.3081,22.239,39.104,51.873,78.151,107.45,113.22,142.1,160.33,180.92,207.33,227.02,247.67,252.82,275.58,296.16,313.63,339.09
7.4,27.089,39.799,57.43,82.339,108.77,113.69,138.58,153.93,173.39,208.72,215.51,235.44,267.11,275.2,290.81,328.22,339.88
4.649,10.58,49.106,58.164,89.335,108.43,128.03,132.05,167.9,188.58,196.86,214.53,246.24,259.07,287.99,307.79,322.24,333.38
5.3537,17.308,44.797,60.527,74.378,105.49,127.58,132.21,155.22,188.24,194.92,224.08,235.7,258.69,289.17,303.18,323.81,341.3
-9.9355,27.564,41.298,58.136,88.869,106.58,123.21,143.3,163.92,179.53,197.79,228.08,230.52,260.39,286.13,308.08,315.55,343.24
0.44625,15.704,32.513,54.507,70.648,107.21,112.13,133.71,162.87,183.41,208.59,229.97,245.21,264.28,282.33,305.51,314.3,333.6
7.7057,13.677,39.268,54.585,71.443,101.71,115.81,131.04,150.62,189.23,191.65,216.45,230.92,265.92,287.03,295.64,313.22,339.91
4.7336,18.913,47.072,64.812,89.448,108.79,111.33,143.05,167.12,177.47,201.55,227.19,249.28,262.05,281.1,296.7,314.81,331.12
-2.3025,17.711,40.446,51.539,82.435,97.662,115.5,132.27,156.23,173.05,203.68,225.48,233.49,255.71,282.45,290.24,323.91,349.53
1.9152,12.772,44.927,57.921,81.494,95.019,113.72,134.28,157.26,176.67,198.74,227.14,232.07,256.96,282.02,290.94,314.73,339.62
5.7969,14.389,34.214,50.749,88.93,93.683,124.99,139.53,153.98,186.57,204.95,228.64,242.1,250.6,273.52,290.63,315.4,341.6
0.24787,18.359,46.857,56.005,83.489,100.23,123.9,131.24,153.71,175.96,190.36,229.2,246.7,250.2,277.79,309.01,314.89,333.03
-2.5161,17.436,45.83,62.574,78.209,106.31,127.4,131.41,158.7,181.45,205.72,228.79,234.58,266.55,289.6,309.4,326.54,340.8
0.87476,17.985,40.83,54.36,75.591,100.4,124.78,146.74,168.02,174.58,199.41,228.55,239.96,257.37,287.66,300.9,313.55,335.05
-8.7696,28.047,41.248,64.668,80.254,96.066,110.28,134.08,150.4,186.37,203.43,223.03,238.51,258.53,270.51,292.53,327.8,330.41
4.1173,25.599,36.665,54.571,86.525,100.96,127.91,148.17,156.63,188.07,206.18,225.02,240.84,252.37,272.69,306.48,323.42,336.77
8.0299,12.806,31.37,50.299,77.488,90.943,112.14,136.82,166.22,180.96,207.01,221.15,239.16,257.02,286.85,298.34,310.85,348.42
1.6949,26.705,46.064,58.024,72.104,98.039,120.88,148.42,167.44,171.88,195.29,225.55,237.17,267.21,281.7,309.78,328.17,335.14
-6.4975,27.213,31.096,52.1,70.437,103.83,119.85,145.15,167.15,188.32,199.46,210.19,248.56,255.34,280.54,299.95,312.04,344.8
-7.1209,25.142,33.342,52.691,75.514,90.47,114.03,135.97,165.82,181.02,197.01,228.94,249.08,268.33,279.86,307.44,325.33,335.57
8.8537,14.048,37.345,65.589,81.964,104.16,113.97,140.58,158.5,184.55,190.8,210.23,245.8,250.11,278.22,303.2,311.32,330.76
6.5354,13.024,46.286,65.259,74.257,92.655,126.28,135.32,150.97,185.62,207.72,221.59,233.85,269.29,281.52,305.39,318.77,343.95
-3.1596,28.767,46.112,56.178,86.457,97.655,119.9,138.18,153.44,185.95,191.39,226.64,230.47,268.66,282.45,298.03,321.96,341.68
6.3785,15.963,30.455,69.483,88.801,94.978,126.34,143.28,164.07,181,193.81,220.02,243.09,262.46,285.65,290.98,327.74,340.93
-6.3112,22.01,30.382,64.423,80.59,92.049,114.49,133.17,167,184.64,191.45,222.93,245.8,259.06,280.3,309.51,314.53,348.53
-8.7926,12.468,30.142,58.521,86.153,91.653,113.81,132.18,169.65,181.05,193.25,219.07,249.19,264.66,287.09,291.41,314.93,340.63
-9.49,16.962,38.562,62.907,84.602,100.03,110.8,143.2,161.92,188.41,196.53,217.5,245.11,250.8,288.24,304.62,325.63,337.72
7.3721,10.274,38.04,63.553,73.899,90.317,124.31,140.46,155.28,172.63,191.84,229.64,243.39,258.57,287.57,309.87,326.7,339.17
-9.3054,21.271,35.973,54.753,81.123,90.399,123.38,132.28,156.4,184.8,194.41,216.08,235.39,260.48,286.8,304.06,314.17,337.58
-5.57,28.327,31.983,50.033,84.421,93.925,112.6,149.54,160.77,189.33,207.07,216.43,240.87,269.57,285.86,290.72,328.85,346.96
4.9583,18.645,35.548,53.316,78.736,102.49,125.69,144.11,152.45,176.21,203.44,225.75,248,264.36,277.06,295.19,316.3,347.78
8.9733,23.616,47.132,61.866,85.463,96.262,119.79,139.96,163.31,177.17,194.38,213.79,240.81,255.24,281.71,309.46,324.94,348.19
6.1584,21.779,40.419,67.946,70.789,95.333,122.37,134.01,160.01,187.73,204.79,221.24,232.69,255.03,283.75,290.82,327.41,340.27
-5.4866,28.383,31.388,56.457,84.702,106.45,121.74,132.24,156.09,176.4,203.12,212.84,243.29,269.67,281.98,305.71,312.1,333.63
2.518,10.649,41.734,67.502,89.777,93.764,119.95,133.2,160.34,174.01,209.62,214.82,240.24,260.25,271.64,293.8,326.9,330.62
-9.41,10.221,40.774,69.938,84.96,90.377,112.21,148.65,153.22,181.42,190.57,225.11,247.46,259.94,271.49,299.02,313.49,338.4
-4.1207,25.487,49.953,67.003,89.366,103.48,118.36,144.49,161.69,188.88,195.78,219.44,239.92,266.79,277.25,300.48,318.77,332.9
-1.2706,12.272,31.292,55.876,77.787,91.828,123.3,132.82,165.02,186.25,204.64,214.76,235.69,255.56,284.8,306.11,320.31,330.91
-0.5519,26.431,44.276,62.395,72.385,97.752,120.33,141.52,165.41,174.25,203.06,215.92,239.33,252.56,285.24,306.5,323.2,344.26
-8.487,22.222,38.664,69.671,70.81,102.81,120.74,140.61,165.24,181.09,201.57,228.11,244.78,254.05,279.63,290.29,313.42,337.98
-3.5435,11.447,48.887,69.673,77.359,107.28,124.48,130.73,162.66,170.07,198.15,212.64,233.38,254.98,281.79,309.77,312.93,340.07
5.2902,28.397,32.133,65.576,87.709,102.59,115.76,137.96,158.49,183.51,202.83,227.33,231.97,264.45,270.9,309.95,312.1,340.92
4.4861,11.567,46.36,60.632,82.916,92.323,121.28,137.66,160.18,187.36,197.94,216.42,242.41,254.09,275.21,292.03,329.13,346.51
6.14,11.591,35.448,65.184,88.89,99.564,123.08,139.63,169.31,181.7,194,214.36,244.53,251.23,285.82,306.52,325.67,331.47
-6.3807,23.195,36.725,50.985,84.577,109.33,124.6,140.45,153.6,187.28,196.48,217.9,242.08,267.3,282.03,305.92,317.63,339.97
8.5475,11.999,32.387,64.306,70.215,90.437,122.13,135.51,155.61,175.34,191.13,215.67,247.39,266.33,274.97,306.54,313.85,331.48
7.1213,22.849,38.707,64.08,79.446,104.97,112.08,142.57,161.51,183.23,196.97,225.76,248.68,260.1,283.71,294.54,312.93,341.12
0.32107,13.595,31.648,58.704,73.501,106.96,129.94,138.19,165.75,179.31,196.58,217.02,241.12,269.9,289.11,298.53,321.5,330.23
4.0154,24.869,46.065,63.127,82.635,103.68,115.18,149.21,152.61,181.38,191.49,213.49,248.94,257.66,283.9,309.12,317.85,332.48
-9.7338,14.281,38.235,63.598,75.975,105.26,121.29,131.08,165.8,175.29,203.56,229.99,235.47,268.44,288.53,298.99,320.15,338.93
2.8229,19.182,34.093,66.039,74.783,102.08,116.64,133.36,160.97,177.34,206.28,215.43,231.97,267.53,271.99,295.43,310.54,336.77
-7.483,25.71,31.088,54.641,79.812,109.74,123.87,136.49,162.95,181.47,209.48,222.5,239.51,269.93,283.53,299.95,317.72,344.57
1.4734,18.608,35.214,67.822,79.932,97.625,124.26,140.61,166.42,170.26,208.78,226.9,239.48,269.42,284.3,301.83,325.07,337.94
6.2254,26.477,47.1,68.731,83.277,93.849,118.63,141.34,155.07,188.37,192.07,214.66,239.3,261.34,283.17,306.82,322.66,340.12
7.8467,12.353,47.102,61.445,73.244,96.839,126.87,135.32,169.32,171.8,205.63,224.66,247.05,261.63,288.12,298.77,311.67,342.23
8.4515,24.833,49.855,63.437,71.049,106.53,119.17,136.2,167.43,179.91,206.12,222.11,232.89,254.97,279.76,309.87,314.24,345.28
2.4081,19.013,43.881,68.189,70.811,101.42,126.3,145.59,161.15,185.6,206.11,228.73,243.32,250.8,287.75,292.14,320.88,331.26
5.6135,20.434,44.638,61.521,89.471,95.29,116.89,144.54,162.91,175.36,194.21,229.44,235.71,265.94,279.9,307.3,310.16,337.94
-1.1753,21.038,47.546,50.113,70.615,92.601,120.48,146.68,153.05,179.59,199.53,221.18,238.84,265.48,278.99,307.64,314.32,335
-8.3057,29.301,37.316,52.587,89.953,101.79,119.4,139.62,153.22,189.82,197.06,225.98,244.33,267.08,280.82,297.31,313.41,341.01
-1.2992,10.443,30.231,64.231,73.597,99.764,115.38,138.67,153.85,173.35,199.64,229.53,233.78,268.22,285.16,305.61,328.34,340.06
-8.5967,10.656,33.445,53.547,82.165,96.032,111.62,132.87,152.58,170.55,191.81,212.75,234.01,267.35,271.96,290.44,328.84,346.74
-6.8427,12.222,30.401,62.888,89.108,103.71,122.69,131.04,165.34,175.21,209.23,212.89,235.89,269.53,275.58,303.81,314.15,342.92
3.591,14.732,35.058,62.744,74.243,107.39,123.04,135.53,167.07,177.08,203.63,216.3,249.04,255.24,272.82,299.98,329.05,338.09
-9.7823,25.129,45.494,58.016,72.6,91.052,127.95,136.8,157.67,179.95,201.98,214.02,237.78,265.98,288.86,297.56,310.32,338.68
3.719,14.099,47.831,69.611,70.72,105.39,123.41,134.41,156.72,172.66,191.3,210.38,233.9,264.28,279.61,302.03,327.79,331.08
-2.1395,29.787,33.365,64.024,81.102,97.462,111.66,134.05,153.59,170.71,202.43,210.3,232.29,269.15,287.37,296.33,312.19,339.59
4.8574,17.259,31.104,60.659,83.981,98.068,129.26,147.5,153.78,182.02,196.49,216.22,245.71,268.07,283.45,308.25,311.45,334.17
-7.4449,24.84,40.924,58.546,83.26,95.666,113.57,144,155,180.72,190.52,229.29,233.93,265.95,273.94,295.24,329.38,347.83
-6.1734,21.944,44.864,69.687,88.644,106.08,113.2,134.87,157.84,175.04,190.14,221.42,243.21,261.92,281.1,298.41,316.31,345.73
-7.9198,15.65,31.946,55.827,77.243,101.65,110.75,139.78,153.42,187.99,204.24,226.21,239.57,262.26,288.52,305.26,327.46,347.26
6.8613,12.988,32.787,69.158,82.448,108.91,126.71,141.45,163.09,183.08,197.48,212.34,231.9,256.5,271.69,306.96,316.63,330.93
-3.594,18.929,33.083,53.223,79.945,90.575,127.66,144.44,165.25,171.77,206.75,220.04,231.54,265.71,281.51,305.8,321.67,347.34
-4.5741,27.664,42.399,51.084,87.268,94.407,118.58,136.39,165.95,171.38,206.9,228.95,248.1,261.67,287.46,300.84,316.6,330.56
0.83933,22.644,30.714,56.983,86.95,99.281,123.37,134.84,169.95,172.65,195.01,226.28,233.32,255.53,279.22,293.37,313,344.31
3.1019,26.336,40.028,60.19,88.899,109.49,127.02,146.96,166.74,172.27,193.24,223.74,233.69,255.27,283.16,295.18,316.61,348.2
-9.0959,25.752,46.048,63.943,89.203,90.18,112.15,146.62,150.18,170.12,198.09,217.8,233.02,263.66,288,293.59,316.21,341.29
7.0061,16.547,30.335,58.313,71.967,108.95,118.65,133.29,156.27,171.81,203.02,214.81,249.28,267.15,288.89,298.18,316.51,339.85
2.1827,20.325,33.971,67.24,85.525,99.619,121.82,136.98,154.41,170.2,205.99,212.08,240.03,251.02,270.31,290.34,325.77,340.21
-3.8514,14.251,45.842,68.571,77.844,105.1,122.37,137.42,169.9,182.32,195.27,222.16,241,268.5,289.62,308.91,318.39,347.5
-8.5645,11.557,45.695,57.347,76.648,107.03,122.61,130.44,155.93,178.42,195,224.68,242.43,269.41,281.16,298.63,326.42,349.99
6.3797,21.18,34.853,61.066,78.055,90.516,125.97,134.05,154.03,174.49,195.12,211.8,230.62,259.01,289.98,291.12,320.77,334.79
-0.94062,12.698,47.182,51.625,70.473,99.065,110.91,149.17,166.77,174.53,204.56,221.93,245.49,250.38,284.35,306.2,319.04,337.09
4.7225,20.979,30.449,55.857,79.212,94.934,117.5,135.95,164.01,179.52,201.95,225.7,235.95,254.38,281.53,293.48,317.95,347.74
4.051,12.512,43.492,54.872,89.544,95.204,129.74,135.04,159.81,181.64,208.66,226.95,241.06,250.5,277.6,303.52,316.32,346.37
-2.2277,25.123,46.607,64.144,87.37,95.752,128.62,137.18,165.39,185.8,198.99,229.28,235.27,250.8,281.44,294.23,328.64,343.5
8.8352,15.833,37.032,60.268,74.549,92.803,115.18,140.52,159.4,179.49,202.29,216.15,232.78,265.54,277.77,306.73,316.99,349.34
3.0043,24.359,44.031,60.188,74.377,96.576,121.27,140.83,157.74,176.31,205.38,211.74,240.58,251.85,274.97,292.48,329.61,348.6
7.5606,23.262,30.817,65.766,82.816,91.591,126.52,147.84,151.51,171.13,200.28,216.89,232.34,255.68,270.92,293.18,322.32,344.21
3.7947,20.663,46.793,51.108,76.08,108.59,113.49,133.75,161.62,187.37,206.27,229.3,230.93,258.57,283.75,303.75,323.84,330.52
-6.2244,27.419,32.755,52.177,87.172,92.413,113.42,148.64,163.6,175.29,202.74,215.17,244.7,260.83,274.73,301.11,317.78,336.12
-3.6726,10.702,37.024,57.543,75.411,100.96,128.95,135.11,155.18,186.1,192.39,210.68,245.79,254.06,280.78,305.03,327.29,346.2
4.904,13.894,33.753,62.865,84.492,93.203,126.19,138.27,163.07,183.58,201.01,210.4,238.48,251.51,288.43,306.58,310.68,344.44
-8.5941,23.569,48.252,52.881,86.163,92.677,129.72,143.5,159.14,178.68,190.12,218.76,233.79,250.97,272.21,302.4,311.99,345.69
-7.0377,16.239,48.551,63.575,89.586,107.74,125.69,148.26,163.38,175.36,204.54,229.15,244.36,262.31,284.93,296.29,325.75,337.34
8.2333,14.834,37.707,50.523,70.293,94.086,110.31,145.71,164.34,178.93,202.38,220.22,246.96,262.55,284.17,304.85,314.83,335.37
-9.0995,14.095,33.15,62.133,75.313,104.16,124.76,130.97,160.44,181.45,208.3,227,244.56,260.61,281.13,306.29,322.58,334.4
6.677,12.232,47.886,62.542,72.394,104.08,123.12,132.73,169.56,189.72,197.52,213.32,230.3,256.57,286.74,305.35,310.07,349.14
5.9846,14.311,33.66,58.38,85.257,94.012,128.74,145.57,153.25,180.4,195.42,219.07,244.26,265.29,284.17,294.43,318.65,338.88
-6.0817,28.401,34.73,68.801,79.903,91.302,123.5,146.96,162.48,179.54,196.91,222.94,242.73,269.72,287.25,293.59,313.33,341.06
-6.8893,15.864,44.991,52.881,89.752,101.98,114.21,142.44,154.15,186.18,207.85,219.95,232.48,259.76,279.5,300.87,318.12,341.94
7.792,22.152,48.425,53.535,89.896,96.767,128.17,138.98,164.77,182.91,207.29,214.28,235.7,257.45,274.01,297.63,313.45,337.13
2.2764,21.566,45.794,55.621,77.923,101.99,118.77,136.47,163.18,183.28,205.78,223.73,234.61,265.56,272.86,296.73,311.74,341.97
-6.6992,14.616,35.888,64.737,73.517,92.565,128.36,149.08,164.16,177,206.95,218.54,248.76,252.35,275.98,290.71,323.64,336.8
-5.6408,24.104,47.998,55.541,83.471,103.03,129.7,143.78,155.1,176.6,209.33,211.42,237.54,261.66,270.65,304.77,323.62,331.56
8.2559,24.798,49.469,68.231,82.494,96.339,119.66,146.18,167.03,177.6,191.08,211.09,249.95,254.62,275.34,296.67,321.52,341.77
4.58,10.979,47.252,66.739,77.836,98.006,110.96,149.26,166.38,179.31,204.16,214.79,232.83,258.18,276.32,302.96,326.59,333.29
-9.2102,15.375,41.344,57.984,84.267,109.99,118.49,140.44,152.13,185.7,208.81,216.76,249.8,257.32,286.13,305.25,328.88,349.53
-3.0752,15.865,35.575,67.532,75.513,109.05,124.89,147.2,155.4,181.68,202.56,229.56,230.22,256.55,284.21,299.24,328.94,330.88
0.10019,13.514,30.204,61.948,81.604,90.779,112.6,138.91,169.12,173.74,190.75,217.48,232.83,258.97,273.07,308.48,322.24,334.9
-0.15536,26.368,37.87,65.444,72.526,99.789,112.71,149.13,157.89,181.15,202.63,219.07,246.36,259.02,286.33,309.91,326.88,332.5
-7.0829,28.977,45.187,54.067,88.751,91.058,121.13,148.18,165.86,177.29,203.88,226.54,237.85,258.5,285.82,294.04,313.72,336.01
-8.9446,23.811,35.868,57.043,77.725,107.7,128.61,136.22,159.61,185.58,206.82,222.67,249.96,261.08,278.42,303.63,316.74,343.33
5.0012,20.609,39.359,62.12,85.25,90.7,129,145.47,168.87,171.53,207.24,224.25,233.26,256.47,280.88,300.01,314.18,347.3
-9.822,25.542,32.842,60.006,72.853,107.9,125.1,149.83,154.84,181.63,200.71,226.6,247.62,257.77,288.2,301.83,315.36,341.84
-2.3756,17.867,30.484,51.488,76.831,102.71,128.33,141.54,159.15,186.97,197.14,214.78,232.55,262.6,289.71,296.66,329.79,332.56
-1.5078,24.412,32.986,62.564,83.865,103.58,126.6,136.55,158.33,171.25,208.62,220.83,242.64,265.34,277.08,297.07,325.51,338.78
5.3045,17.758,49.673,59.984,79.848,92.867,128.6,130.01,160.59,176.19,192.43,215.08,231.91,250.22,272.53,309.09,326.83,340.74
-4.1566,26.423,44.888,63.862,84.862,99.174,112.33,145.86,162.85,172.72,202.2,224.44,246.74,258.99,284.28,295.51,324.66,346.24
-2.7247,22.682,31.665,65.183,82.034,102.27,124.13,147.8,153.58,189.02,203.05,226.12,234.03,256.98,282.54,294.22,322.21,342.83
5.2022,22.324,40.92,59.23,86.583,96.541,122.74,140.2,163.38,187.94,194.51,215.19,231.48,255.7,285.72,309.84,311.39,335.7
-9.5973,17.466,44.387,62.482,89.934,96.878,112.11,131.48,154.27,181.9,195.12,219.84,232.51,267.59,271.52,299.29,325.8,344.22
4.964,17.669,49.084,59.007,89.494,106.87,110.01,140.1,169.91,187.63,207.53,227.98,236.87,251.31,288.61,305,324.61,333.92
5.3683,27.949,33.546,62.05,72.122,105.94,119.81,138.04,163.6,187.26,204.7,227.76,246.71,254.75,273.93,308.65,329.3,346.25
6.2001,25.339,38.215,57.986,83.772,97.881,129.29,137.64,160.21,184.02,198.18,216.37,245.48,251.07,287.81,307.46,313.7,344.4
-1.8447,24.23,31.865,66.569,74.912,93.118,126.04,138.16,150.33,170.43,196.02,228.32,240.97,255.21,283.13,306.96,312.54,345.57
-8.8159,13.996,40.807,69.471,82.576,105.76,128.24,147.66,168.28,172.05,194.69,229.39,233.21,263.15,283.18,296.68,314.71,338.17
6.8117,20.284,35.777,52.07,72.39,91.129,121.32,137.62,158.05,182.38,196.84,225.17,239.47,259.23,278.14,295.1,325.77,334.11
0.076438,29.722,39.584,64.128,89.196,94.912,119.04,148.19,167.95,181.88,196.21,217.53,231.03,260.13,278.16,298.68,329.19,348.66
8.655,16.828,33.043,62.949,70.767,100.51,113.58,142.5,163.21,180.7,204.69,228.72,245.16,269.31,279.46,300.44,317.59,342.94
0.95149,29.77,33.892,58.364,83.842,90.478,129.64,143.09,150.36,187.48,191.85,213.42,249.25,259.03,275.9,291.62,323.76,332.17
3.5001,18.519,30.358,57.586,76.417,93.45,113.26,145.03,164.45,180.08,198.28,210.2,243.91,262.72,271.89,295.07,325.65,342.83
0.31146,25.135,46.105,51.453,76.37,98.434,126.33,133.37,158.48,182.53,196.53,216.66,232.62,262.29,270,297.16,321.93,349.59
1.1214,29.044,48.758,58.213,80.725,97.825,124.88,133.51,169.09,171.71,209.82,214.23,241.35,250.73,288.64,307.83,310.4,346.67
3.4909,18.558,43.88,50.614,75.915,97.716,115.3,130.69,168.78,183.17,193.08,215.99,237.71,265.48,279.9,293.1,329.71,346.44
5.5485,14.953,33.74,52.893,80.488,104.74,119.3,135.32,167,170.99,194.89,226.55,248.02,259.64,271.05,290.03,317.41,330.67
-4.5919,21.9,43.811,50.087,78.828,99.345,111.38,140.92,162.66,170.65,200.16,219.57,243.92,267.91,276.71,304.88,316.01,334.36
-7.1461,18.971,41.57,65.43,78.937,108.71,120.42,130.15,164,179.27,192.3,213.55,245.9,263.83,279.95,297.21,318.59,334.07
9.0316,26.897,37.919,61.701,78.601,98.286,118.6,138.74,161.92,182.8,202.57,210.43,232.51,260.34,289.86,294.12,325.28,337.72
-8.3822,14.738,41.015,55.55,81.699,103.6,127.7,134.93,158.69,173.82,200.54,216.77,249.25,257.57,286.22,300.95,326.35,331.89
6.28,22.615,45.19,67.774,86.001,98.824,115.42,134.04,168.13,176.78,208.48,219.17,244.65,262.19,274.46,292.39,325.47,331.42
0.26285,27.254,39.703,60.481,75.006,104.97,125.27,135.02,158.44,171.31,204.16,226.98,248.82,263.76,289.95,292.86,314.3,344.86
8.852,13.99,30.623,64.067,83.936,102.86,126.06,139.92,160.44,170.59,201.16,210.45,238.97,254.74,271.7,293.22,310.17,332.28
5.9626,14.55,30.542,53.873,79.45,109.19,111.42,148.93,157.06,177.67,191.68,217.74,231.3,254.3,289.95,304.3,327.39,335.09
1.6895,26.656,47.13,68.777,71.203,91.077,113.56,135.57,167.9,173.36,197.47,218.84,233.7,253.95,277.02,295.66,318.3,346.12
-6.2525,11.272,32.653,64.108,75.601,108.68,120.91,133.3,156.75,179.08,201.59,228.06,231.42,262.93,281.56,307.72,321.04,342.27
1.0545,22.225,34.206,60.682,75.195,91.02,126.37,146.78,150.38,176.14,209.18,222.23,239.06,264.09,284.83,293.09,324.2,340.3
-3.0211,10.872,33.671,61.938,82.214,99.761,116.13,136.14,163.61,171.49,198.19,223.65,247.35,268.79,278.81,299.83,324.56,349.66
-7.0891,10.842,44.937,64.266,73.648,95.361,110.53,133.74,155.72,186.87,207.52,214.66,246.46,262.94,273.01,294.99,316.04,343.35
8.6762,22.069,46.353,64.11,86.629,96.436,127.34,140.17,163.25,179.85,195.97,210.78,241.32,254.46,274.06,295.27,324.96,332.98
-0.91303,26.27,37.231,52.109,88.726,94.993,129.09,130.59,151.25,183.95,204.79,227.02,237.06,265.63,275.22,294.48,320.88,337.24
-0.056406,23.814,44.743,66.556,77.283,97.155,121.59,130.22,156.16,175.34,203.7,216.54,236.14,252.06,280.28,309.35,328.19,330.17
-1.9666,19.14,36.484,60.251,74.849,103.61,119.51,133.28,168.16,176.5,195.5,219.19,244.17,255.17,283.49,295.83,316.63,348.28
-0.85266,24.419,31.785,54.586,75.404,97.052,118.31,148.53,166.58,170.89,196.48,212.75,239.33,258.66,273.79,305.23,322.86,345.69
-8.3081,26.085,41.432,69.021,84.128,104.88,119.17,148.49,163.16,176.44,199.73,224,235.08,251.26,270.52,298.25,319.48,347.13
-2.3208,17.677,42.494,68.871,85.567,100.45,124.39,142.96,159.77,176.03,198.78,221.45,230.53,252.92,272.61,298.37,320.67,339.84
-6.3826,19.04,39.718,69.356,75.467,94.084,120.09,131.43,154.91,173.39,204.74,224.27,246.71,255.04,283.84,297.71,329.52,341.65
-1.0793,14.883,41.098,69.885,85.172,91.203,126.08,145.65,156.19,184.78,196.89,219.18,238.27,256.69,287.88,300.7,312.53,333.2
5.4248,18.088,37.801,53.749,74.254,106.96,116.86,139.41,164.42,179.1,200.28,222.25,230.84,256.3,287.8,295.25,317.53,331.27
-7.1713,17.352,43.708,63.162,78.778,99.855,112.82,132.54,169.48,173.91,199.33,217.67,245.6,251.37,275.18,306.1,315.68,342.07
-7.4246,15.597,31.946,59.452,83.498,101.17,121.72,141.52,152.42,181.52,199.21,214.87,235.62,259.98,278.46,303.68,324.91,349.63
-8.7663,23.757,38.451,63.579,75.194,109.55,116.85,146.6,158.19,181.83,192.53,221.77,248.42,266.22,282.69,299.28,329.08,332.36
0.59831,12.231,32.545,58.24,75.709,105.24,116.36,139.15,152.87,182.15,194.17,212.27,241.5,256.54,272.88,301.45,321.82,332.14
-9.6624,13.949,44.015,52.063,82.112,94.362,119.74,131.26,157.49,175.52,205.92,213.01,244.11,265.21,288.52,291.7,324.16,334.02
2.4724,12.227,49.735,51.147,79.438,101.15,110.4,149.87,167.79,175.08,203.12,218.22,233.74,265.43,273.99,305.33,318.44,348.92
-5.4672,11.822,37.412,53.533,76.938,103.98,113.15,146.5,165.12,176.75,201.4,213.67,241.28,252.68,273.22,294.36,319.78,339.1
8.4022,20.733,42.412,52.157,86.594,92.891,110.99,141.46,157.7,182.18,205.59,226.82,249.8,265.87,276.44,294.32,324.16,341.44
1.3047,15.287,30.868,52.576,86.603,109.69,117.96,135.82,154.08,177.88,194.93,224.53,237.29,263.37,280.77,294.14,328.26,341.54
-4.1409,13.471,40.77,68.575,88,106.74,126.34,138.34,156.29,186.21,204.4,228.54,240.51,260.14,279.51,290.56,313.02,337.7
2.2133,14.13,46.853,61.763,86.612,103.47,113.71,134.08,155.26,184.73,209,211.56,243.63,266.13,275.65,297.64,313.61,340.01
3.7915,27.676,40.982,59.721,79.495,101.37,111.61,149.9,169.6,181.72,202.94,212.41,230.97,257.26,275.25,305.48,319.27,333.15
8.1685,28.739,44.051,54.796,80.45,94.081,124.98,149.47,161.96,182.5,190.06,217.54,244.27,260.58,271.8,307.78,310.6,349.78
-7.265,15.927,30.06,66.957,88.199,96.598,116.79,148.25,161.33,178.39,207.82,217.32,248.31,269.46,287.33,294.69,314.55,337.25
1.0885,10.742,38.54,56.092,70.78,103.84,114.26,138.41,163.17,174.47,204.05,225.85,237.82,256.9,283.85,309.84,312.49,338.09
3.8237,22.52,32.433,63.097,87.85,99.285,115.76,147.51,166.51,181.63,202.46,224.86,244.74,261.13,278.53,298.46,313.39,332.58
-1.709,27.919,34.36,69.671,85.682,91.708,113.52,140.39,166.25,183.18,198.93,229.11,238.68,265.58,274.29,292.18,320.2,348.87
-7.3086,11.844,40.237,59.73,83.877,90.808,117.49,138.31,168.44,187.85,208.93,217,235.88,251.95,286.52,295.26,319.93,341.59
6.5098,15.405,36.667,60.245,87.566,97.145,110.31,131.52,152.44,174.41,200.23,210.55,240.76,263.92,274.58,304.26,317.23,346.71
6.8124,25.99,33.229,68.518,87.685,96.035,128.31,145.79,154.4,175.21,208.47,226.64,240.95,266.91,281.96,302.7,312.56,332.56
3.0918,22.53,37.751,54.443,86.727,96.679,119.68,144.75,162.18,176.43,201.61,217.62,242.46,267.59,273.24,302.33,316.81,330.07
-8.2724,17.46,47.291,65.047,76.291,99.668,126.54,140.7,153.36,175.12,205.37,216.6,238.01,269.37,273.51,308.09,323.08,333.81
4.0015,24.191,35.772,54.37,81.462,95.239,111.92,149.61,169.91,187.22,193.35,213.36,247.64,252.81,272.88,308.76,314.82,340.7
9.8753,21.652,30.771,55.176,73.37,92.649,116.15,131.4,153.53,170.96,207.66,219.32,235.11,255.41,285.66,304.99,320.18,335.05
3.0332,26.7,32.109,62.896,72.7,102.04,118.23,133.93,158.51,175.62,199.35,217.03,235.77,267.62,273.27,294.98,318.6,349.26
3.6426,11.424,46.452,54.955,86.616,100.79,121.93,143.7,166.7,188.46,207.28,215.12,234.06,258.81,281.13,307.44,319.06,332.29
6.636,26.363,36.176,65.859,74.941,93.682,118.63,140.79,161.31,173.02,194.66,220.38,234.88,265.24,281.83,301.84,320.64,338.45
-5.022,23.911,35.193,67.334,89.498,101.69,118.59,143.93,150.54,171.54,190.08,219.33,239.49,251.22,279.38,290.98,313.62,335.51
-4.5643,23.423,35.373,63.09,80.612,98.425,125.98,139.23,153.24,179.5,203.97,223.58,232.62,255.64,276.01,307.7,310.11,338.48
-1.4737,14.022,39.756,55.194,70.215,93.129,116.81,133.37,168.85,177.95,206.43,221.87,246.42,255.63,284.81,290.58,323.28,344.43
5.6656,28.003,32.351,64.777,78.135,92.318,126.47,139.07,157.71,181.83,196.33,223.38,243.63,259.85,281.45,308.34,327.59,332.87
1.9659,15.914,47.151,51.545,80.105,106.33,120.48,138.62,160.55,176.82,197.39,218.04,242.53,254.53,278.87,301.45,329.68,338.87
1.545,21.645,32.46,57.015,82.775,104.06,115.69,135.7,152.24,171.74,195.09,210.93,246.54,266.25,287.31,292.31,315.15,333.23
-4.224,10.799,45.016,50.244,83.569,104.29,110.28,147.35,163.64,176.61,204.66,220.51,232.52,250.23,276.32,295.38,323.92,338.12
-1.2269,19.69,44.928,66.144,83.249,98.92,117.1,147.22,161.16,185.22,204.48,225.68,240.7,253.71,283.43,300.08,313.35,330.71
-9.4365,13.528,46.511,58.349,80.397,98.738,113.11,143.6,150.82,180.34,201.45,218.59,238.33,256.25,273.68,303.09,321.02,346.99
-4.1668,10.176,40.1,63.258,76.973,106.7,127.1,143.89,158.73,185.52,192.59,228.52,235.93,251.03,284.44,294.39,327.04,336.19
-6.3291,19.606,36.385,59.173,85.425,108.57,121.8,130.85,169.02,176.4,193.54,223.04,244.08,258.21,283.76,297.03,329.38,334.34
1.3374,10.096,35.428,56.725,85.86,92.079,119.61,148.63,157.67,186.22,203.23,227.62,246.52,253.13,289.31,296.46,319.26,331.21
5.1045,24.6,33.826,63.858,83.401,109.68,124.06,136.17,153.61,188.81,195.38,211.42,243.49,265.69,289.59,298.48,311.04,349.58
0.048937,17.536,48.506,50.474,79.452,103.73,116.92,138.42,164.39,176.69,190.43,228.05,244.77,264.78,274.84,292.07,329.35,345.25
4.6982,13.638,40.743,54.489,85.13,93.422,124.7,133.02,166.69,171.75,205.93,214.78,233.44,265.97,280.23,296.69,311.21,332.86
4.412,29.81,32.419,56.263,82.997,99.432,125.35,144.24,162.94,184.19,196.31,219.11,233.93,263.92,270.85,296.5,319.74,346.33
-1.9563,10.415,40.661,57.494,84.543,100.64,128.21,141.59,150.94,171.45,198.26,213.01,231.95,264.63,273.58,292.24,324.74,341.14
-2.0665,15.223,36.45,53.283,73.538,104.72,118.13,141.34,152.02,179.54,200.01,218.21,238.22,262.2,271.97,298.9,313.16,347.22
-7.8445,23.689,43.128,56.975,86.898,99.634,119.91,135.48,155.33,173.41,196.87,219.19,239.44,260.74,272.86,297.37,316.59,339.43
-1.3249,11.053,39.78,61.66,86.037,100.92,115.93,137.58,158.71,170.57,199.31,214.69,235.35,263.97,270.4,308.89,310.78,330.82
-8.8514,17.982,44.709,58.909,77.232,101.37,126.67,144.8,162.14,173.59,199.32,228.27,246.93,256.3,281.74,306.88,313.18,337.8
-1.3638,26.095,47.382,56.373,79.159,108.03,111.09,137.82,160.36,189.9,207.67,225.42,248.87,261.1,282.03,296.82,324.86,334.55
-8.5057,27.517,34.941,55.963,71.623,92.792,124.45,145.25,164.41,170.63,209.38,227.29,249.42,254.23,273.98,290.89,321.27,335.68
5.099,23.398,35.282,64.047,81.841,102.87,117.33,145.32,163.52,176.45,204.53,228.65,248.3,251.17,274.28,305.15,327.32,335.29
-5.7682,18.786,41.852,65.944,74.369,100.09,112.24,143.45,160.18,184.61,209.78,218.34,243.3,261.02,286.12,295.97,313.01,347.04
-1.9429,22.081,42.827,50.008,72.672,104.52,125.64,138.38,164.66,183.6,190.8,225.75,241.79,257.1,272.89,306.61,318,335.52
0.48049,18.727,49.727,52.494,79.894,105.48,110.97,143.44,159.74,184.42,192.25,227.22,241.41,267.14,280.85,304.44,316.92,348.63
-3.3713,26.082,36.243,61.316,89.797,103.59,111.35,136.92,162.5,187.74,194.76,224.85,238.66,263.02,285.1,306.29,312.71,341.55
7.682,15.512,37.043,61.088,84.207,90.268,121.96,147.19,164.65,186.39,208.48,219.94,249.72,254.36,272.32,300.76,310.32,334.88
-0.89897,28.822,30.529,52.179,81.308,104.4,129.62,130.15,156.21,175.78,195.26,215.43,232.52,250.07,277.01,307.34,314.45,344.27
5.8145,12.053,35.884,68.049,88.771,105.8,119.18,146.62,152.2,185.98,209.32,210.53,236.16,262.97,279.96,290.32,321.96,342.56
-8.9778,14.926,42.321,60.382,71.584,104.33,118.93,146.85,150.63,175.52,192.79,218.78,243.07,261.11,285.27,303.03,310.75,333.49
1.0252,13.883,42.095,56.4,70.589,99.461,116.12,133.9,168.86,175.98,200.98,214.53,245.57,253.79,280.92,307.21,311.24,341.02
-2.8133,11.094,37.131,66.476,77.803,98.502,129.34,139.58,166.55,179.66,191.98,211.83,247.29,263.82,284.69,302.29,320.87,334.51
-0.96408,14.111,45.777,55.949,80.09,104.3,119.52,146.48,150.06,184.72,192.85,220.89,242.94,252.77,270.53,300.8,314.22,346.08
-1.8211,29.651,33.712,60.11,78.38,93.233,124.12,146.62,164.92,179.07,208.04,220.2,241.19,261.26,286.64,305.46,324.95,339.94
-4.5427,16.624,48.612,60.728,75.933,91.669,124.81,131.23,163.22,178.84,193.84,222.21,249.88,264.69,271.83,309.37,316.4,337.03
-6.739,23.425,47.228,54.685,83.378,108.6,128.53,135.16,161.29,178.35,207.14,219.75,233.78,259.26,277.72,293.92,323.12,345.67
2.975,25.127,30.564,59.853,76.702,108.72,116.23,146.22,153.4,188.65,193.58,213.58,237.33,250.68,289.84,292.2,329.59,342.24
1.3641,18.951,37.977,69.925,78.121,92.469,128.1,137.35,160.21,173.18,206.05,225.79,238.71,260.08,272.37,305.61,316.73,337.17
-7.0016,22.143,45.23,69.868,78.243,100.13,117.96,137,162.6,175.76,198.04,214.18,233.42,256.76,274.23,291.26,326.68,339.14
1.1478,16.367,48.869,53.501,70.215,98.341,126.42,130.48,157.85,186.7,206.24,222.31,245.88,257.92,273.97,308.3,316.19,336.31
-2.9325,23.752,44.616,67.256,87.209,91.997,122.61,146.29,155.57,175.22,200.31,214.98,233.31,266.93,287.28,294.4,322.34,339.73
-9.3534,17.174,40.229,55.794,74.131,109.03,116.02,138.4,166.29,186.4,202.38,214.05,243.17,258.72,280.12,305.26,314.46,348.59
-0.77387,25.609,39.487,59.681,76.937,105.67,124.39,130.77,164.47,182.98,205.93,227.42,249.12,253.36,287.11,300.81,312.76,332.24
1.9632,28.71,33.666,68.764,74.014,103.68,121.71,132.79,165.94,177.82,198.73,218.6,244.43,252.27,283.62,292.03,316.7,348.2
7.7468,13.523,34.884,62.262,83.123,106.21,119.46,143.67,150.33,170.35,201.49,227.32,241.49,262.37,281.75,299.94,310.16,334.17
8.3315,25.766,44.323,51.419,73.408,93.827,112.63,144.36,168.2,171.03,205.1,228.37,249.57,262.38,278.37,296.99,327.67,338.59
-0.3957,19.617,30.545,61.692,85.54,98.161,122.03,148.52,162.87,174.02,200.87,220.94,238.25,267.78,287.93,296.08,329,335.13
-7.0435,17.046,47.521,51.705,80.631,95.151,121.2,142.35,165.93,172.35,207.3,226.08,249.69,252.12,286.68,291.8,311.6,337.54
5.1533,26.635,42.097,50.051,73.093,92.906,119.21,146.83,163.97,182.79,201.84,229.42,241.42,257.17,274.55,291.66,324.66,340.52
8.6593,27.651,49.502,62.813,81.837,108.61,111.55,135.27,161.64,181.75,193.82,215.31,235.96,266.19,279.54,295.63,328.85,348.24
-0.46552,27.674,44.19,68.156,78.482,109.1,119.73,138.97,150.84,170.96,203.55,217.42,248.15,253.44,270.89,301.98,323.96,338.82
6.5038,16.516,48.368,63.027,89.312,104.35,123.92,144.36,153.21,184.67,208.16,218.14,248.15,266.05,270.84,304.29,310.35,336.66
-2.898,22.67,48.757,59.529,72.481,108.57,125.82,131.68,164.73,187,204.71,218.25,247.18,265.59,276.59,308,316.16,331.33
-2.6808,13.454,34.402,67.926,84.372,91.488,125.82,138.05,163.95,183.15,195.65,226.2,234.01,257.65,280.06,305.95,326.98,338.89
-5.6474,22.84,40.767,57.403,87.074,99.529,127.71,132.64,162.9,178.86,193.94,221.67,234.5,258.31,287.75,297.27,327.14,339.09
-9.0501,22.376,36.553,57.622,88.49,100.69,115.26,149.48,153.26,176.87,205.63,228.12,237.75,269.68,281.62,298.02,324.33,333.5
2.7955,19.524,42.637,56.407,75.121,93.127,125.02,133.77,166.29,182.98,203.77,222.86,238.7,250.38,273.77,297.01,316.83,339.99
9.6628,25.569,31.234,52.246,81.314,95.8,118.2,138.96,164.7,183.43,196.55,222.05,240.92,263.35,279.2,302.7,314.68,335.34
8.3757,23.238,44.178,52.095,86.515,92.218,129.58,143.06,157.11,188.03,208.97,227.88,233.81,261.69,281.03,292.72,313.14,339.72
-4.426,19.958,42.881,54.216,83.162,94.102,118.53,140.5,158.87,179.35,199.25,224.82,248.53,254.43,276.58,308.34,325.38,343.08
1.0301,22.59,43.555,61.618,73.371,101.03,111.16,141.19,164.14,171.61,198.49,228.77,244.61,263.85,286.52,301.35,317.01,343.16
-9.574,15.723,41.371,53.583,78.616,102.95,123.16,138.89,150.91,171.17,201.11,225.54,239.81,268.32,280.5,308.64,327.6,348.49
-6.0393,18.121,40.377,55.5,74.497,95.547,123.9,136.52,160.46,184.01,192.09,213.4,238.39,267.08,277.09,308.06,329.02,349.81
6.0461,11.748,46.216,53.935,87.064,103.7,116.88,140.13,153.07,185.66,192.58,216.81,249.82,268.17,289.37,306.21,325.66,331.43
-3.6967,17.192,34.506,63.986,83.856,109.62,124.88,133.01,157.63,189.12,207.52,223.77,248.11,267.22,275.09,292.37,326.17,331.91
1.8474,23.252,38.09,63.767,83.12,98.832,128.35,147.75,165.96,185.46,209.22,223.54,249.15,265.8,280.29,303.14,326.4,347.44
-9.1044,10.385,39.845,66.626,81.714,102.18,115.04,132.21,160.98,183.66,208.71,224.02,231.69,253.1,276.36,304.39,319.73,334.66
-5.771,21.778,41.395,52.913,70.928,98.341,119.43,138.7,167.58,172.87,197.99,213.87,249.84,266.04,272.45,304.87,325.06,335.66
3.1453,16.466,32.03,66.6,89.178,107.82,121.51,148.55,166.44,176.81,199.58,213.05,236.69,250.92,271.28,296.78,310.24,340.59
5.8704,20.635,35.211,51.778,76.336,96.186,127.09,146.11,169.49,179.31,194.84,225.49,241.66,258.31,286.82,299.89,319.35,330.55
6.1633,10.099,46.707,61.652,70.154,90.09,123,135.6,166.49,170.88,191.37,216.05,242.82,254.66,278.01,300.92,323.01,340.44
4.3808,15.617,47.344,54.288,73.866,107.24,127.11,141.5,153.37,187.87,198.85,210.31,236.74,264.19,286.73,301.47,319.92,346.5
-3.8466,27.456,38.442,61.198,81.225,97.63,123.62,141.71,156.94,173.33,200.37,227.34,243.13,269.12,288,309.71,318.26,339.22
-6.9679,29.13,44.573,56.853,88.601,95.499,114.77,132.21,160.03,173.65,204.57,210.94,249.19,269.35,275.21,308.08,320.44,341.57
-1.1152,19.824,31.802,58.579,86.379,101.58,129.27,131.17,158.83,175.87,204.35,222.86,244.41,263.36,274.88,294.68,312.6,348.73
-2.5302,12.324,47.174,64.876,77.583,94.195,121.08,139.27,169.97,188.44,191.85,215.45,237.03,255.63,279.57,304.52,310.36,331.77
-4.6734,21.519,36.412,52.523,76.413,97.072,123.48,137.06,166.99,175.05,194.67,225,231.4,263,273.38,306.08,320.25,342.9
3.9452,26.366,33.674,62.183,85.108,105.71,119.86,138.25,164.83,185.43,190.41,218.54,230.11,263.62,271.99,298.63,311.11,344.38
3.0517,12.23,40.976,68.331,80.921,100.72,111.7,130.11,169.44,185.61,209.09,213.24,233.43,257.07,281.49,297.47,312.22,347.45
-4.9239,12.6,49.445,64.204,76.855,90.294,127.55,142.64,158.16,177.53,199.34,223.08,236.96,265.08,273.93,300.91,323.82,333.39
-9.9766,14.618,49.981,61.502,73.244,106.7,125.47,135.81,151.31,171.78,194.27,218.9,230.73,259.8,287.17,301.54,325.99,338.43
0.41342,22.043,49.502,63.778,75.708,97.783,119.95,135.7,151.17,178.64,197.17,214.75,248.75,255.77,280.63,308.25,328.47,336.33
5.8433,10.527,41.096,59.123,76.421,104.08,125.33,144.19,166.86,173.18,200.57,215.88,237.78,259.97,271.1,291.67,321.74,340.24
-5.8704,16.484,37.062,56.738,82.28,103.03,126.72,133.64,169.96,182.47,191.41,229.53,239.67,269.22,283.42,306.49,327.25,333.76
-9.0454,26.805,33.047,53.142,72.732,99.298,113.51,149.92,169.4,183.06,206.28,219.84,231.58,258.53,282.63,294.03,326.1,337.45
6.6683,24.929,43.602,64.002,76.441,108.58,127.35,145.6,162.49,174.07,205.41,215.22,248.47,266.92,288.36,303.64,323.68,346.79
2.7288,10.168,45.209,62.08,85.666,105.52,114.78,136.18,160.51,187.1,197.05,214.05,240.39,262.09,280.65,294.98,310.66,347.32
4.1001,23.579,37.079,56.767,87.888,91.623,126.91,134.98,156.35,178.48,208.8,222.7,249.49,251.99,277.43,306.21,313.3,339.1
-0.46158,24.689,42.739,53.492,79.531,106.39,123.1,132.88,165.77,174.27,204.08,221.27,238.41,257.31,278.18,304.7,318.79,346.14
-7.3424,27.659,46.982,69.547,81.044,90.681,128.86,132.73,151.48,170.11,193.94,217.34,242.94,261.32,288.2,290.02,311.48,338.69
-8.9054,26.196,36.316,53.47,70.957,97.22,115.96,143.33,158.92,180.05,198.29,229.05,238.75,252.45,276.39,299.97,317.13,336.19
4.6592,11.049,40.938,66.996,88.396,96.09,114.42,145.36,156.71,183.93,197.79,226.95,244.48,252.67,285.95,308.02,318.76,334.63
-9.5555,19.25,36.761,65.542,72.915,90.907,113.82,130.68,162.81,184.28,196.8,212.62,235.34,263.16,287.89,292.5,321.12,340.1
-7.1819,23.464,33.646,54.06,77.156,107.11,113.83,149.1,158.19,189.89,200.6,218.94,243.01,256.83,277.65,303.34,328.12,337.75
-9.5214,10.572,38.888,60.539,82.254,100.51,118.77,133.59,153.85,171.55,208.08,216.36,239.08,265.64,283.14,302.94,314.95,345.5
-5.5339,28.845,31.356,54.759,74.459,109.98,120.03,135.18,163.1,182.29,193.55,218.18,248.77,267.01,274.33,307.39,329.29,334.72
8.8247,28.113,35.64,67.234,74.875,102.96,115.45,147.55,162.95,188.75,206.1,228.14,243.31,268.82,284.07,306,318.3,345.2
-1.2317,10.86,46.547,58.151,87.516,98.327,126.69,141.11,160.92,182.01,199.55,210.57,240.05,253.9,286.67,299.43,316.87,332.2
-7.424,19.618,35.164,59.317,86.851,100.83,112.94,137.44,168.53,174.52,190.14,224.65,230.64,251.25,274.04,305.79,316.55,331.78
-6.3037,11.351,35.929,56.505,77.798,106.84,116.16,131.2,163.33,187.96,196.21,213.58,235.28,266.87,272.29,294.83,314.35,345.85
-7.1206,22.897,39.769,68.807,87.603,107.69,122.11,144.44,151.38,188.8,196.17,226.64,232.54,250.22,289.91,299.32,319.15,342.18
1.2681,10.742,40.501,57.075,84.085,95.284,114.38,141.25,162.24,182.82,202.67,210.34,233.65,252.64,280.6,304.27,318.84,345.95
6.4098,11.573,48.974,67.428,78.996,93.272,111.97,141.67,157.24,187.58,191.91,217.23,235.38,251.53,281.07,304.59,313.07,344.58
3.536,29.992,43.979,60.471,85.045,107.89,117.08,145.9,162.37,175.92,206.38,224.24,247.7,257.36,287.22,299.76,323.88,334.21
-2.1407,28.028,40.956,59.773,74.004,97.909,124.68,147.17,161.42,187.16,200.82,216.73,232.52,269.79,271.89,296.88,323.22,331.96
-7.3335,27.252,31.715,52.709,75.309,105.94,129.28,131.79,162.78,176.63,205.37,227.68,243.74,256.23,280.41,296.33,312.94,337.46
-3.6892,25.955,46.565,58.674,75.19,91.201,125.56,145.32,167.41,172.13,190.74,227.86,238.56,260.44,289.27,295.93,324.05,349.23
2.856,16.959,47.024,63.863,78.645,94.85,117.59,141.87,167.02,173.63,202.61,218.23,232.15,256.13,277.44,297.81,322.86,347.3
5.2766,10.437,41.738,61.361,70.204,91.622,126.33,139.92,152.48,173.1,192.32,216.79,238.5,255.02,272.46,300.44,315.05,332.96
5.6964,23.13,41.592,67.414,78.946,102.44,110.91,142.65,158.35,180.08,209.92,221.5,238.93,257.43,288.79,299.39,316.31,337.14
2.2995,15.631,47.231,62.774,76.089,93.211,122.22,135.95,167.64,178.33,194.98,228.24,230.81,266.2,288.06,300.36,329.08,330.72
-4.7864,24.849,43.012,58.069,81.791,108.32,124.93,130.11,167.58,179.56,198.06,220.47,233.14,255.54,285.24,293.39,328.66,340.72
9.9314,25.322,48.561,61.214,88.467,90.992,120.68,142.78,153.97,181.85,207.35,225.91,239.85,255.15,282.24,293.11,328.16,339.98
-5.9947,16.113,34.943,54.466,87.576,96.962,120.51,148.14,166.69,177.42,209.38,224.23,246.3,262.87,271.16,307.37,321.32,330.33
5.0727,21.782,32.723,56.424,71.263,103.63,124.65,139.56,157,186.69,192.34,222.04,230.65,266.38,283.82,294.71,312.5,332.33
6.4255,24.195,45.768,61.404,77.048,109.93,124,137.64,168.92,185.02,206.03,229,239.4,263.05,275.14,297.66,319.46,333.88
-1.8837,11.759,33.468,57.889,82.191,102,124.45,146.03,164.28,170.18,204.61,219.37,248.53,261.28,282.59,309.09,319.36,343.64
-4.7928,29.087,33.988,52.236,70.263,103.7,123.32,135.55,150.03,175.37,202.58,218.92,244.72,259.08,272.27,306.4,324.04,348.93
-9.0604,13.642,41.576,61.681,76.222,109.45,128.96,145.36,164.49,176.31,199.26,225.45,249.24,250.75,288.45,297.38,315.98,330
5.0415,12.727,40.018,66.613,89.191,106.33,125.31,146.62,152.88,189.89,197.61,228.36,242.75,259.24,283.59,309.25,328.28,338.66
-4.9705,11.369,49.516,69.787,85.92,105.63,114.31,144.44,166.68,185.64,197.74,217.79,238.85,267.41,283.17,298.03,316.33,349.02
7.9544,24.076,46.844,56.745,87.378,105.19,118.64,140.78,151.53,180.25,198.24,215.27,243.45,262.65,280.87,299.9,316.39,335.22
-0.048555,16.067,45.577,66.647,75.441,108.2,126.42,137.52,165.66,171.28,195.28,214.32,234.49,269.71,280.69,298.3,323.02,338.7
4.1892,21.553,30.708,53.263,87.021,101.47,121.28,137.11,151.77,179.53,208.53,226.2,245.99,269.96,288.28,294,327.83,331.76
-3.7298,25.856,45.369,62.176,85.608,90.891,112.98,144.19,158.77,182.21,194.74,222.48,244.35,254.68,279.42,299.45,320.15,336.02
9.9663,27.675,42.746,51.018,70.787,108.53,120.71,147.9,153.46,188.12,203.69,216.06,235.37,262.32,284.01,305.41,328.3,345.92
-2.7269,16.951,40.95,54.09,81.481,90.632,128.08,140.26,158.88,173.69,190.58,228.48,230.4,264.88,273.74,292.75,317.47,334.72
-8.8344,22.403,37.326,64.221,72.287,90.696,117.26,132.15,168.69,180.27,191.42,211.43,242.15,266.93,279.03,294.83,319.01,338.87
-7.3976,18.964,32.898,65.906,77.188,96.735,122.3,139.78,161.96,181.74,207.97,220.82,247.43,250.53,275.61,296.59,316.55,344.68
-5.5163,24.656,38.919,61.465,76.542,103.89,111.67,149.37,159.05,170.68,193.9,227.63,249.63,253.5,275.29,308.61,312.77,343.04
-7.3921,10.437,32.657,56.155,82.816,93.146,121.11,132.6,166.52,189.09,202.02,215.88,247.5,255.6,283.81,303.78,314.98,330.53
-9.6527,27.874,45.401,64.579,89.355,101.09,120.89,136.11,166.28,188.84,196.97,228.66,242.62,258.81,277.9,295.07,322.61,337.11
6.7993,15.484,44.666,60.943,84.169,92.624,129.63,133.12,159.88,186.62,204.08,215.53,233.98,259.35,279.63,304.73,326.79,333.18
9.9728,12.012,33.722,67.546,87.297,93.697,113.16,139.8,165.91,176.46,208.21,222.97,232.86,267.91,282.38,293.71,321.78,336.27
2.2071,22.549,35.691,61.75,78.907,98.018,112.83,149.26,157.88,171.46,191.89,214.95,246.52,253.25,278.61,294.32,323.17,338.61
6.0328,15.01,47.91,60.477,74.633,91.258,129.28,140.36,153.75,184.73,202.16,223.3,247.83,254.67,277.8,308.09,320.21,342.22
1.7209,11.98,41.701,55.865,71.407,98.832,119.8,148.61,151.15,185.32,194.53,221.92,245.24,250.35,278.17,293.11,320.05,334.77
-1.0387,26.377,36.058,59.433,75.101,103.33,113.56,136.58,154.68,178.22,194.58,218.15,246.47,252.91,272.52,290.46,319.39,333.16
3.6996,29.212,33.481,55.509,86.64,108.77,128.9,136.52,152.2,176.31,199.76,226.96,237.23,262.99,273.62,308.37,316.82,345.22
-8.7227,22.913,38.516,53.633,79.57,91.328,124.27,143.84,156.31,170.25,199.72,218.91,238.61,269.43,275,308.57,327.9,333.83
6.5666,12.934,31.511,50.336,82.701,104.12,113.39,137.8,160.12,178.6,191.17,215.37,238.64,256.81,281.96,295.01,314.06,346.66
4.5644,24.514,34.086,62.266,77.942,100.11,114.05,146.75,155.87,174.11,202.7,223.83,241.32,266.15,272.43,309.59,313.78,334.08
-0.039337,25.31,46.999,69.687,87.079,98.828,112.02,140.11,162.51,189.64,192.96,219.95,249.9,263.31,271.65,297.03,320.25,343.28
7.6589,16.034,37.179,64.558,87.758,96.428,120.04,148.59,160.73,176,207.09,227.98,232.08,264.9,277.01,293.2,322.1,331.63
6.9708,10.984,34.783,51.464,86.528,103.83,125.5,139.87,158.41,187.98,190.01,210.06,244.02,268.17,274.88,305.8,314.26,337.33
1.5085,19.463,42.103,52.496,72.939,97.372,124.77,140.85,154.23,172.75,197.64,227.82,244.04,255.82,288.84,295.2,324.9,340.47
7.1706,21.469,39.082,55.432,78.514,109.55,111.49,138.54,152.07,173.29,202.1,219.13,231.28,263.17,288.59,306.94,321.06,331.59
-1.4717,15.358,48.116,64.507,81.52,92.457,116.45,142.19,169.32,175.02,194.9,227.42,248.93,266.42,288.7,305.77,324.8,331.47
-0.63627,21.331,40.938,68.8,77.445,90.805,119.16,138.82,168.46,171.18,197.79,212.78,236.91,250.18,275.72,294.34,324.33,333.35
8.0451,18.418,49.359,60.306,71.47,103.27,123.75,144.53,160.26,186.88,196.81,221.01,241.28,252.1,287.71,291.71,310.44,344.15
5.5686,11.993,34.279,69.445,70.561,98.239,127.97,144.49,161.81,180.31,208.93,215.88,236.8,268.77,279.91,295.11,317.63,349.9
-6.5344,18.652,49.411,65.195,89.154,96.921,126.8,146.28,159.3,174.2,207,214.38,245.13,264.02,279.78,299.43,316.41,333.73
-7.7298,13.656,32.32,52.903,86.272,97.581,124.81,131.74,150.69,173.84,202.75,224.15,241.78,255.8,276.17,295.71,325.79,338.15
-0.47128,22.153,45.109,59.631,76.765,108.58,129.92,133.74,154.02,173.34,209.51,227.8,231.88,265.46,279.59,297.07,326.57,347.16
-5.3354,13.708,43.946,66.687,74.955,90.92,116.62,148.41,150.87,171.86,197.94,221.8,243.2,256.24,288.18,305.35,321.48,337.63
-0.32163,23.092,41.631,68.492,86.391,101.11,120.97,139.76,167.67,187.22,208.06,221.51,238.15,251.94,288.08,292.32,327.1,340.4
-2.0179,18.241,46.564,53.349,78.134,109.58,121.79,135.71,161.83,184.5,199,215.29,234.59,255.62,273.13,301.12,329.23,330.5
-8.7017,13.167,47.392,64.35,73.689,90.681,126.89,138.05,159.7,173.33,196.95,221.13,249.36,253.94,289.72,299.01,313.33,337.52
9.0346,29.228,42.599,69.905,82.248,106.07,110.01,142.21,167.14,172.3,195.03,217.52,231.9,263.33,278.84,299.23,313.98,348.85
3.1669,25.495,42.326,63.428,76.005,95.023,121.54,145.85,161.85,178.51,197.4,218.06,244.08,258.75,273.88,297.84,328.22,349.03
-0.90473,14.82,42.511,57.075,71.33,108.17,129.32,144.05,165.29,179.17,196.94,222.8,239.26,268.92,289.71,300.89,318.8,346.75
-8.2668,24.612,38.437,69.427,84.595,93.386,125.25,139.68,154.01,185.8,205.22,225.15,234.83,261.11,279.07,305.52,328.57,331.63
8.4177,11.351,47.845,60.104,72.404,103.34,121.2,130.16,158.43,179.35,201.65,224.52,236.88,251.27,287.44,293.54,320.96,336.39
0.56352,24.443,40.439,50.9,78.601,93.646,112.64,143.39,161.64,186.07,209.53,220.7,237.42,259.12,285.35,303.01,327.58,335.73
5.5777,14.908,39.139,67.051,87.265,99.015,122.61,132.59,161.51,177.3,194.58,223.12,243.03,260.14,270.96,308.67,324.75,339.66
-2.1464,22.113,41.532,65.669,84.852,97.457,118.54,137.78,150.19,180.94,209.15,215.35,244.25,267.77,280.56,299.46,320.63,344.94
5.1164,13.918,33.579,54.166,87.917,105.65,118.82,149.27,164.91,174.9,203.96,222.57,245.18,259.43,271.32,297.44,310.06,338.34
-0.31864,23.557,47.905,67.711,77.069,102.72,111.6,133.68,162.86,176.52,203.23,211.89,231.76,252.22,278.46,307.23,311,330.16
8.9198,27.98,40.375,57.084,89.264,109.05,117.02,137.72,150.4,175.34,205.99,224.31,232.36,254.97,279.55,304.92,318.23,334.34
2.5484,22.523,44.229,50.219,70.383,96.95,111.53,141.69,167.16,181.22,192.92,227.38,241.38,250.07,289.64,291.55,313.13,349.88
-1.0819,12.61,42.017,68.613,77.038,101.98,116.39,149.35,163.73,172.35,205.41,216.15,248.45,260.17,287.64,309.25,323.37,338.22
2.3646,22.22,34.215,68.884,83.437,93.265,112.56,146.61,158.91,175.85,197.05,213.96,239.13,259.57,276.34,308.77,321.45,333.67
6.7547,21.284,33.591,50.549,80.691,104.34,117.4,148.68,155.94,183.44,196.07,229.54,231.33,252.77,282.04,307.26,328.47,333.69
1.8415,29.571,41.154,58.144,70.466,101.18,128.29,140.87,161.58,182.6,196.69,216.62,249.55,251.15,274.27,304.76,326.79,337.24
9.2479,19.611,34.01,62.666,79.794,95.088,124.88,141.35,160.68,184.4,193.73,224.51,236.85,256.71,282.52,292.64,326.62,338.7
-1.4327,18.63,36.559,66.098,72.693,90.319,118.33,146.84,153.18,182.95,194.43,216.89,235.71,258.64,279.93,292.44,319.15,342.01
7.3794,17.563,31.115,66.493,83.386,106.79,114.54,147.67,152.95,172.73,200.58,212.63,231.38,253.83,284.42,292.33,325.29,343.73
-2.7694,29.135,43.126,62.815,87.104,103.37,128.34,146.96,160.65,176.77,191.42,223.31,238.63,264.31,274.57,295.37,322.48,334.02
9.6286,23.282,34.318,50.136,86.865,98.122,113.89,140.1,151.41,188.64,200.83,218.27,248.29,250.13,283.47,299.11,324.89,335.5
-0.05853,10.009,40.024,65.953,88.553,102.9,116.87,144.85,153.42,183.01,198.28,218.54,237.28,264.08,283.59,295.2,318.62,341.74
6.8696,19.729,39.266,67.028,76.464,90.973,129.18,132.59,155.74,170.12,200.69,216.01,236.64,259.89,279.86,299.32,326.05,340.83
-6.4921,19.014,45.957,55.045,72.063,101.36,115.91,140.62,162.08,183.37,199.08,227.55,243.82,255.21,282.14,305.25,321.32,337.21
-5.0234,10.944,32.304,68.995,71.585,93.046,112.14,138.42,150.26,186,192.54,224.69,245.59,269.3,288.87,301.66,322.39,342.04
5.8173,24.864,31.963,56.388,82.247,108.82,114.03,134.14,168.47,177.84,205.79,211.64,236.84,267.03,271.34,298.99,329.87,345.55
-8.4798,12.581,32.408,51.968,73.822,92.09,115.76,136.95,150.14,185.32,193.84,224.28,241.78,266.59,282.35,291.62,314.22,331.43
-0.9432,22.601,47.581,53.522,70.732,101.25,120.92,146.67,162.85,170.03,204.58,229.94,241.86,269.68,276.51,304.43,316.95,349.04
4.5976,12.484,31.973,51.205,77.902,91.592,128.44,146.57,164.6,175.99,192.33,216.74,234.12,262.22,286.69,309.95,321.56,344.63
1.3941,23.119,42.811,59.834,84.396,102.77,117.17,136.93,169.86,178.19,198.05,213.23,231.5,259.84,280.48,293.43,311.33,343.51
5.1615,19.665,40.965,63.26,73.508,103.91,111.23,130.28,169.9,189.05,201.99,216.89,244.9,259.74,272.58,291.01,328.7,343.92
2.8979,12.951,43.399,63.964,71.365,99.025,119.15,148.08,164.18,175.03,199.74,225.74,233.88,266.23,281.74,295.52,316.45,340.91
-8.0207,28.329,38.252,55.784,70.623,94.723,110.77,136.15,164.59,182.66,190.72,222.93,234.49,264.82,270.41,294.36,323.26,344.38
1.2437,13.797,49.874,59.422,75.347,97.266,121.41,138.26,157.61,186.28,192.65,211.14,232.32,250.22,277.39,296.68,311.19,334.4
4.3483,15.459,35.573,57.012,82.306,102.8,121.05,138.04,167.12,177.12,204.2,215.37,245.18,265.01,280.05,295.95,320.2,330.54
-6.9853,17.319,38.6,56.357,83.378,108.55,121.37,133.42,165.63,184,200.56,211.39,241.43,264.28,289.32,296.43,322.23,340.56
-3.1058,20.524,43.465,56.823,73.897,94.44,127.1,148.53,168.94,179.72,196.24,222.47,232.68,253.95,272.46,301.42,311.98,334.64
3.5127,25.791,40.398,62.296,78.129,109.19,129.45,135.45,154.15,182.94,195.19,217.69,239.12,252.13,289.21,309.34,326.47,343.58
-2.8926,27.175,45.074,60.433,76.561,108.88,113.88,135.71,160.41,185.98,191.35,213.06,237.66,266.94,289.13,292.16,329.82,333.02
5.8896,23.345,33.334,60.651,73.01,104.45,111.94,140.58,163.97,175.52,207,218.81,231.25,252.58,278.81,292.14,326.81,336.85
-2.9839,18.108,31.239,61.919,87.552,101.77,119.31,143.49,150.84,175.22,195.38,211.33,234.75,262.21,272.65,302.99,314.28,336.49
0.87229,14.047,30.652,64.787,70.719,105.87,112.67,133.35,153.47,188.01,206.1,224.29,235.92,257.6,285.72,292.23,327.21,343.82
0.85371,21.067,44.884,54.378,85.085,103.78,113.35,142.01,155.13,180.94,196.35,211.25,238.34,250.95,272.21,292.8,326.97,349.96
7.4658,24.815,49.754,69.34,78.581,96.21,114.35,136.36,152.38,185.26,202.33,211.94,243.75,256.75,272.75,305.64,328.81,337.51
1.935,12.627,34.215,69.861,86.614,94.396,113.08,143.31,156.13,178.34,206.39,219.37,233.88,252.17,275.37,290.71,320.94,341.4
7.4204,15.536,33.71,65.512,86.273,94.707,115.91,146.79,159.76,183.03,203.26,223.62,235.2,252.35,276.9,303.24,313.21,341.86
4.6707,12.474,45.741,67.529,86.51,93.898,111.66,133.24,157.02,183.03,201.3,222.58,232.25,264.52,272.33,299.27,321.84,340.83
-0.13382,26.825,45.695,56.449,85.956,101.41,114.85,134.18,155.53,174.55,196.6,227.61,239.52,252.85,285.34,291.51,323.63,347.09
2.6573,11.072,46.702,68.528,81.277,101.42,110.12,139.05,167.18,176.77,206.23,224.31,239.45,250.93,279.25,306.89,326.23,349.84
3.4879,29.374,46.421,61.39,76.028,94.598,121.18,142.81,157.51,177.91,196.53,211.17,236.07,266.78,270.46,306.84,324.12,346.25
-3.5883,12.076,48.292,50.685,77.385,99.311,112.21,141.09,166.66,178.88,204.9,212.71,242.61,263.77,282.62,293.61,324.97,333.12
8.7856,24.248,32.681,63.902,82.009,102.84,122.99,144.34,167.98,175.5,208.56,220.54,236.4,251.15,278.16,300.64,322.09,338.83
3.9963,12.54,43.301,66.756,80.231,104.84,127.03,138.06,154.78,181.77,199.37,210.82,247.74,257.62,284.74,306.82,312.37,338.51
7.3628,27.608,36.946,59.869,73.206,99.263,117.54,141.6,152.75,183.75,194.75,226.53,246.34,269.8,287.2,307.97,323.91,343.68
2.3326,24.046,31.29,54.68,77.219,108.06,112.8,130.7,151.29,170.13,205.47,213.45,233.74,254.68,279.63,290.46,314.26,341.57
3.6069,10.384,34.275,52.771,77.99,109.92,119.05,135.14,159.74,182.52,191.06,225.13,230.96,251.27,286.38,301.94,326.89,343.85
2.0074,11.77,33.544,68.876,86.605,101.58,112.87,146.82,158.4,170.43,208.85,212.84,248.96,263.67,276.98,300.3,314.52,334.27
7.0166,16.644,36.184,53.534,76.778,99.507,118.83,141.35,157.49,174.56,204.41,224.06,245.38,263.51,276.93,303.76,322.7,338.27
5.4341,27.625,41.328,67.111,88.534,103.91,128.93,135.36,165.25,180.91,194.21,219.81,245.96,267.27,283.39,306.29,329.65,348.44
3.8095,16.646,38.186,59.061,77.37,92.561,113.98,142.7,163.25,185.3,193.81,214.41,237.83,264.47,270.59,307.21,328.99,335.51
-8.4903,19.549,44.069,54.045,82.18,90.836,125.71,145.79,153.67,183.73,207.33,221.92,234.31,267.67,286.6,307.49,310.79,345.34
5.0331,10.263,42.635,61.126,82.053,93.811,116.63,135.55,150.12,185.13,193.09,212.39,244.29,257.35,284.29,290.5,316.53,340.6
6.1443,11.754,47.617,67.956,71.118,104.04,114.59,134.73,157.55,178.18,202.38,218.07,233.88,252,281.56,301.69,316.53,332.58
-1.6962,24.826,39.315,53.094,84.205,107.81,115.95,149.96,156.26,172.68,201.24,225.97,230.49,257.64,274.86,297.25,327.97,338.28
4.3269,28.519,43.865,66.148,83.355,96.538,125.22,135.29,151.02,175.42,196.04,225.37,233.4,257.95,282.67,305.53,314.72,347.89
9.0992,19.615,35.407,55.865,75.063,91.116,115.65,135.15,164.85,187.46,198.78,229.94,245.79,268.51,280.73,295.8,318.14,348.06
2.87,29.085,47.905,64.763,71.174,91.067,129.58,147.01,162.41,186.5,198.35,219.85,237.36,257.62,270.41,297.05,322.91,346.77
-5.7948,20.641,48.738,67.834,74.083,107.52,115.85,139.17,151.71,189.42,190.24,229.76,247.22,269.58,287.96,302.39,310.07,332.11
-9.2616,13.222,31.373,51.943,81.307,94.461,120.21,132.71,161.78,171.41,209.07,214.19,234.29,252.48,272.58,305.68,319.34,345.1
9.6109,19.866,47.701,64.87,72.039,106.06,125.5,143.24,159.77,171.44,203.74,215.23,235.67,257.67,273.96,294.37,314.39,344.28
0.078304,26.522,42.151,51.095,75.159,97.188,117.27,137.99,166.61,188.67,209.08,229.26,237.53,259.56,273.74,305.5,319.48,340.61
-6.0235,17.524,45.378,61.408,80.922,101.49,129.27,145.85,150.19,180.02,209.77,211.85,241.16,259,274,291.75,322.75,343.56
1.2928,25.712,44.019,53.257,73.762,104.93,123.15,142.59,161.18,177.35,201.23,222.1,231.11,253.78,285.77,300.97,323.84,336.23
6.7134,13.77,36.784,60.361,76.73,101.86,129.28,148.08,165.65,188.62,193.68,216.41,240.74,256.47,277.74,306.65,316.42,335.99
-4.2155,18.026,46.087,67.295,89.083,97.51,122.65,141.29,164.22,180.13,195.74,229.36,230.84,267.23,278.36,294.04,317.68,335.94
-1.0892,29.831,46.902,63.405,89.149,94.063,115.12,134.9,160.66,188.93,207.29,218.76,248.46,255.4,286.62,300.65,319.23,331.29
5.8663,29.45,37.156,63.244,87.582,90.866,117.85,147.11,153.48,170.29,195.53,213.13,238.33,253.76,283.51,293.52,312.72,338.96
4.3175,29.316,44.733,59.403,77.357,98.835,115.42,138.57,159.6,182.35,208.83,219.07,236.05,268.11,284.09,301.64,319.63,343.04
-1.0166,10.935,42.236,67.097,81.793,96.381,114.5,132.64,152.19,188.59,200.22,222.45,235.48,258.44,283.37,295.11,328.95,344.71
-5.9026,26.247,34.663,52.701,73.247,105.61,115.6,135.42,154.89,173.26,203.17,224,245.72,261.27,285.24,301.9,324.95,335.23
0.35697,13.272,47.22,68.226,89.392,100.06,126.46,143.36,165.87,171.56,202.62,213.59,232.38,266.38,278.46,296.63,320.51,349.54
-0.76744,13.718,42.024,59.011,73.588,97.888,122.97,141.27,157.02,178.84,208.37,215.24,242.9,268.78,274.44,294.95,329,343.37
-8.3568,17.809,32.261,65.852,76.186,103.16,113.35,134.69,152.95,178.31,203.5,215.99,243.7,256.04,287.6,291.92,321.75,344.15
1.0858,25.313,46.396,53.441,82.748,92.396,129.88,142.22,153.99,181.87,199.1,212.85,248.1,266.56,278.41,307.97,311.8,340.31
2.2072,25.763,33.045,57.595,84.423,91.631,129.45,141.65,167.86,179.66,206.02,214.64,231.33,269.3,277.55,297.66,311.94,338.4
5.162,14.513,38.526,63.359,70.279,104.99,124.42,142.39,166.99,181.39,190.34,215.37,241.24,250.8,274.78,305.08,322.09,342.83
4.7609,10.674,32.208,65.758,81.749,95.048,123.09,142.53,150.73,172.01,200.61,212.69,240.29,268.07,287.86,296.07,319.72,342.68
-6.1126,29.144,47.359,53.065,86.788,100.14,126.58,146.42,167.12,185.66,197.41,221.08,248.48,252.7,287.51,295.78,323.63,332.86
0.45942,15.015,31.904,53.248,71.755,91.627,128.51,141.28,158.97,177.39,205.38,223.57,235.02,251.89,289.22,309.65,313.46,343.19
6.6919,23.789,43.913,56.36,73.207,97.677,115.46,142.99,150.47,170.6,197.76,228.79,247.48,264.53,285.17,291.76,321.9,331.78
0.36802,23.176,45.224,51.358,79.348,105.92,127.27,145.84,157.94,178.4,192.12,218.11,245.11,263.3,277.72,290.77,324.96,337.68
-7.9485,28.956,49.477,68.131,75.756,98.671,114.82,149.25,156.01,189.1,206.34,225.47,235.67,263.53,278.32,309.78,325.61,330.35
8.8704,15.438,45.516,56.332,74.433,100.52,126.22,144.6,165.28,187.71,201.52,224.84,239.5,258.57,273.1,308.32,325.37,338.2
9.4001,17.542,32.476,69.939,87.387,107.16,120.92,137.65,164.57,182.72,209.68,210.05,238.5,261.73,278.97,303.57,329.68,343.43
9.8562,27.742,42.51,54.456,78.409,102.59,113.67,131.57,150.29,183.13,201.23,212.86,240.64,257.63,277.39,292.42,318.74,335.5
-3.7376,22.875,36.169,59.651,72.495,92.222,122.61,145.15,160.31,179.85,197.43,227.63,236.59,259.27,271.53,303.42,312.96,336.22
4.8771,10.657,36.815,58.108,73.043,99.375,129.08,141.71,160.72,180.87,206.96,224.99,244.41,263.09,278.65,297.12,314.26,342.06
-8.3232,18.436,34.179,55.486,71.546,101.21,112.06,134.02,167.16,186.67,197.59,217.73,232.02,251.49,274.2,304.39,316.87,333.59
8.9195,13.052,35.609,69.146,82.517,107.95,124.24,137.23,150.93,174.25,208.64,213.43,244.93,258.63,272.75,299.32,322.32,342.17
-7.2495,26.131,42.874,62.667,73.842,96.22,111.85,141.07,151.92,178.34,195.15,210.96,238.7,266.3,285.07,306.16,310.03,348.24
3.528,29.782,39.38,58.956,82.354,94.552,119.8,149.71,156.79,188.7,208.67,217.34,237.17,267.78,273.26,305.32,313.01,349.47
8.71,17.205,46.425,66.585,71.31,94.791,129.82,133,165.57,173.67,204.91,224.33,234.53,266.32,278.84,297.54,321.72,330.44
0.82107,19.399,38.114,67.183,82.389,108.69,111.24,132.56,159.79,188.46,207.51,221.28,243.02,253.7,274.83,296.87,317.2,337.14
-9.7878,23.814,36.189,61.172,75.519,109.11,128.4,137.27,153.9,181.83,190.73,229.48,239.8,263.41,289.3,295.97,320.52,346.8
-5.9135,26.358,46.996,52.975,83.475,104.22,124.95,137.55,152.96,187.53,204.61,214.72,232.92,269.42,274.35,306.9,322.56,343.78
-4.3489,20.444,35.59,54.198,76.555,94.343,115.62,146.34,159.18,179.49,197.2,216.54,235.9,264.07,282.99,298.47,327.07,333.73
0.10784,16.719,43.694,68.706,76.003,92.256,120.53,139.5,153.39,185.75,191.69,210.58,246.25,264.9,281.17,290.14,325.09,330.08
-4.9571,13.569,34.779,56.832,72.673,98.838,126.8,146,155.27,176.18,201.76,219.99,238.25,260.85,272.95,290.05,312.57,341.17
-7.8969,11.685,43.775,63.471,71.102,107.18,120.55,130.68,162.28,177.01,199.43,223.27,240.5,254.64,274.56,303.51,324.52,348.99
-2.4344,26.1,42.95,64.576,76.785,109.55,122.22,148.83,160.04,188.16,205.06,225.83,246.96,263.51,289.36,290.06,317.22,333.31
0.6832,14.78,33.716,66.187,77.044,108.13,118.23,133.33,165.66,182.19,192.71,216.83,232.16,263.42,275.01,292.83,329.63,341.08
0.9992,19.818,41.921,63.614,75.442,109.75,113.51,145,165.22,183.99,193.18,224.3,242.33,251.39,288.56,308.02,313.63,339.15
5.258,26.339,38.837,58.654,74.588,97.808,129.32,136.17,169.19,183.22,203.75,219.21,244.79,268.7,287.84,293.37,324.19,338.01
-4.0994,26.504,31.198,58.182,75.758,94.446,128.07,136.5,158.95,176.99,193.54,220.28,239.2,251.47,281.08,309.79,321.48,346.03
-0.2898,25.891,31.336,53.883,83.765,99.789,126.36,149.5,168.71,170.61,190.6,220.87,242.23,250.42,285.53,305.52,327.84,344.08
4.6668,27.987,49.136,53.309,75.922,91.482,117.31,142.43,157.86,180.34,201.32,227.48,243,265.63,271.74,303.62,310.84,343.07
7.819,25.837,40.912,69.703,78.875,90.516,128.78,141.68,169.97,176.18,207.74,213.76,246.83,261.64,278.36,307.2,323.91,343.7
-6.0352,21.952,47.46,55.736,76.3,101.24,122.47,143.17,150.64,189.48,207.78,212.12,238.14,261.72,273.35,296.83,310.69,337.45
9.1141,29.702,35.614,67.522,73.585,102.89,112.2,144.17,154.41,180.54,207.87,229.69,234.31,263.8,288.89,291.36,321.26,345.63
2.9372,27.783,44.525,61.658,81.5,97.488,124.88,148.92,168.79,189.9,203.16,229.3,245.55,261.55,271.74,290.9,323.38,342.46
3.2707,12.342,35.179,51.223,70.588,103.24,113.89,131.19,154.75,175.62,207.21,216.59,248.17,262.19,285.99,296.74,310.96,348.02
8.291,29.242,33.638,52.391,79.352,93.045,117.69,136.33,153.91,175.87,203.48,215.06,232.65,267.83,285.09,295.77,322.75,345.48
-4.8802,12.358,41.764,52.95,83.001,100.28,120.92,134.58,157.02,172.1,194.15,221.2,241.67,263.87,274.75,291.26,322.61,332.93
7.9984,20.527,33.537,66.82,88.68,90.749,116.79,147.88,169.91,179.63,209.93,219.23,231.82,258.07,274.51,306.06,314.96,334.47
-1.7605,11.528,33.266,62.095,88.869,97.922,111.13,136.59,169.21,182.64,190.04,223.34,232.35,253.07,271.55,307.2,322.32,349.01
3.2729,15.525,35.231,56.352,82.693,97.261,129.76,144.05,162.99,184.9,193.88,224.77,240.8,269.7,278.42,308.78,328.7,334.81
-4.535,17.242,36.811,63.764,78.191,104.71,126.53,140.05,153.04,186.59,192.9,225.95,234.17,262,276.96,304.04,324.04,349.34
-1.1304,20.24,35.721,59.761,70.45,92.512,127.14,138.85,151.83,178.23,190.6,223.05,239.81,252.46,278.11,302.73,316.7,339.94
5.3412,24.338,43.485,52.561,82.862,96.926,117.89,132.27,160.4,185.54,190.64,228.76,245.52,255.19,282.12,298.76,319.39,344.92
5.2303,24.317,47.529,52.371,86.018,102.25,123.15,132.95,154.86,183.2,207.71,223.13,233.91,254.41,288.88,295.4,314.67,343.06
-7.0685,29.712,44.799,62.78,86.397,106.57,112.65,138.93,162.1,179.4,192.03,229.75,231.41,261.54,270.02,294.54,325.81,348.14
-8.4863,11.181,31.158,58.39,77.608,95.245,111.64,131.12,164.62,176.91,193.23,216.16,236.81,260.31,275.45,297.19,328.69,338.32
3.404,13.97,31.175,59.503,85.97,94.439,120.54,141.23,150.72,182.12,206.5,214.64,249.3,267.79,278.2,304.04,320.82,341.14
6.2002,15.861,37.356,56.615,79.046,92.066,116.82,141.57,152.76,183.73,209.63,220.64,235.45,266.35,289.51,292.47,324.81,339.08
-5.0061,28.546,41.881,58.692,77.22,94.848,120.15,134.01,165.87,182.15,204.72,215.73,241.57,262.86,277.87,292.12,318.76,331.96
-6.9228,21.447,40.362,62.984,82.42,105.25,112.79,137.14,157.79,181.16,190.78,218.2,237.25,262.5,270.69,299.18,321.29,339.98
7.4697,14.282,36.713,50.874,76.757,99.84,111.96,134.89,156.42,186.9,196.89,223.99,234.28,268.23,270.89,300.09,325.63,336.44
-6.0771,17.604,49.706,69.031,74.162,93.522,119.06,133.27,164.23,176.22,197.13,216.83,242.14,256.18,288.3,299.87,329.85,338.26
7.2984,24.556,30.531,55.746,71.532,99.462,111.12,146.64,163.47,170.23,197.84,212.65,244.1,256.32,273.4,290.28,325.73,346.12
4.1537,12.561,41.232,58.039,78.633,105.43,113.95,148.05,153.43,171.92,194.98,213.66,249.11,250.11,272.75,309.22,315.78,339.23
9.713,10.047,36.423,62.952,89.077,101.86,121.47,133.77,163.58,172.86,206.91,221.59,231.43,266.21,271.6,303.72,325.93,332.79
-0.49218,26.761,32.607,68.905,88.168,93.702,115.86,132.65,165.49,189.34,190.07,229.49,232.65,252.94,271.01,304.24,323.06,348.77
-9.1102,28.374,47.943,66.722,70.715,95.387,119.37,145.15,161.64,178.17,207.13,225.46,248.48,266.81,283.54,296.65,324.51,337.06
-3.2345,21.085,44.752,53.839,89.68,100.69,126.61,141.62,157.28,186.97,203.23,215.61,248.9,260.56,282.38,295.06,318.85,338.47
8.8553,22.293,48.404,54.025,87.264,109.05,126.32,134.1,160.51,187.57,207.27,211.58,246.22,266.34,272.74,299.63,320.47,347.06
0.81887,26.689,30.887,66.38,87.246,99.112,122.53,142.93,150.5,188.94,206.58,211.71,230.11,261.23,279.78,300.54,313.26,349.05
8.6135,20.145,44.703,67.949,86.211,96.533,113.08,132.75,158.19,184.23,193.03,211.01,241.34,257.15,273.42,294.74,326.37,345.86
8.1653,18.169,38.13,59.83,87.223,91.562,114.51,148.89,153.69,170.65,192.93,213.91,241.16,268.25,283.97,300.89,311.57,332.24
4.2045,18.91,45.125,54.172,77.725,104.66,114.36,132.91,155.95,184.77,199.13,215.87,249.58,254.86,280.9,291.91,324.61,332.63
3.4257,13.757,39.281,57.02,76.848,92.002,124.31,139.16,157.91,177.73,191.03,211.67,246.56,269.6,276.42,306.27,329.9,344.73
-5.3444,20.074,33.977,65.911,84,94.672,122.91,139.72,155.97,177.87,206.03,210.87,236.5,259.6,278.59,302.69,326.61,344.95
-3.5981,29.961,45.014,65.1,89.971,94.417,121.58,145.79,155.46,184.5,205.04,212.33,239.67,259.99,288.4,294.35,318.16,339.22
-0.1262,22.84,34.492,59.11,81.517,94.429,112.76,132.82,162.72,180.23,199.43,219.89,230.65,269.76,280.97,295.93,323.87,345.57
6.1773,19.978,31.254,66.598,76.816,90.062,127.99,137.51,166.3,182.92,205.06,226.46,233.69,266.67,274.27,308.71,315.88,348.66
3.643,25.042,37.047,51.475,75.7,91.344,114.46,132.01,159.15,177.95,207.4,214.43,248.48,252.16,284.02,292.61,310.31,340.37
-2.1885,24.815,33.073,68.087,76.79,96.562,126.74,132.87,168.68,184.49,199.37,210.35,241.89,267.36,286.48,295.8,328.66,346.04
5.5532,16.328,35.649,50.987,85.824,91.705,125.98,134.03,156.6,172.71,192.89,213.21,238.76,253.04,276.22,296.29,328.35,347.92
0.39526,13.617,49.141,54.467,89.392,96.717,120.67,132.11,151.26,178.66,207.38,212.1,249.76,251.87,278.57,294.04,320.97,330.59
-8.5865,11.396,45.314,53.58,71.275,108.5,112.12,133.26,169.2,170.5,190.11,225.76,245.72,269.29,286.82,290.82,321.76,344.14
-5.2191,24.184,44.622,51.226,84.03,93.61,113.35,130.91,153.96,188.09,190.57,222.61,230.7,259.92,271.07,303.95,329.12,335.52
-3.886,16.028,33.167,61.467,80.883,109.92,127.63,145.42,150.88,176.03,190.68,226.5,244.55,265.48,275.52,308.48,317.02,345.57
-8.6634,29.975,37.238,66.167,83.572,99.559,129.92,132.11,160.49,179.41,198.78,219.85,241.66,252.7,288.81,298.98,327.81,330.76
-2.9563,20.255,37.777,57.772,86.349,95.509,124.97,139.32,161.23,185.86,200.64,224.78,248.6,252.74,275.52,296.38,329.24,349.53
-2.3044,26.257,35.765,59.252,79.41,101,124.11,143.9,166.03,182.55,199.88,222.33,232.75,251.47,281.72,297.75,312.71,348.76
1.0529,22.14,38.392,52.868,75.519,106.8,124.39,133.59,156.58,189.86,195.5,217,245.82,262.31,272.01,303.77,319.39,331.24
-6.0159,28.565,35.892,62.395,85.739,97.307,112.97,136.18,159.95,187.21,195.82,218.27,230.99,263.83,289.57,293.01,312.36,331.38
4.8023,26.496,41.394,53.227,74.955,91.263,127.41,146.9,151.27,180.28,199.3,222.59,245.79,259.27,280.48,309.51,324.76,332.62
-8.161,28.519,32.76,61.523,80.451,103.33,111.93,139.29,157.09,173.33,207.57,228.65,247.4,254.15,272.97,294.16,316.46,334.48
7.6486,15.278,36.99,61.326,72.216,98.364,122.35,141.71,154.52,181.86,196.16,216.59,242.03,269.58,283.45,309.08,314.05,347.74
-5.9763,11.311,36.839,52.058,78.365,102.91,125.41,141.57,161.09,189.39,207.15,220.42,240.89,269.95,275.93,306.76,313.1,348.47
-3.8565,18.7,33.521,52.015,84.025,92.91,113.64,131.98,166.99,177.35,197.61,222.63,230.86,263.72,272.77,304.45,328.97,335.82
9.9523,23.209,40.897,51.903,73.742,107.8,123.31,138.17,151.36,174.12,194.95,211.49,236.54,251.82,287.35,298.11,311.19,339.36
4.3535,19.184,35.219,63.761,88.997,94.839,121.89,149.34,160.76,185.98,202.62,211.27,236.86,259.7,277.91,305.26,319.29,332.06
-4.2443,16.179,39.073,68.436,84.728,100.73,114.88,144.61,168.44,185.62,208.84,212.07,240.2,269.53,285.29,295.86,325.5,348.08
4.3568,19.9,32.94,66.5,71.866,108.75,114.01,139.57,169.05,182.13,206.17,210.76,244.88,266.1,280.92,292,327.88,343.19
-2.3349,20.019,30.298,55.878,78.094,90.401,115.73,143.94,164.5,186.07,209.3,221.62,234.36,255.2,273.19,290.34,314.25,344.38
-4.9655,24.663,36.138,65.092,80.959,106.02,111.46,149.27,168.11,185.45,202.75,219.64,232.08,265.69,271.43,297.9,328.42,341.21
4.7985,26.858,30.047,57.321,86.598,97.048,124.35,140.92,162.82,183.94,198.72,219.08,243.43,254.35,283.26,304.67,327.07,341.56
2.9485,19.37,45.336,56.739,72.985,107.48,120.44,132.59,159.25,182.52,192.13,224.53,243.91,261.95,270.45,295.19,315.81,348.01
-6.504,13.881,30.632,62.029,80.318,103.28,112.08,135.75,155.87,189.23,195.3,226.5,237.73,268.39,271.28,301.26,310.17,339.62
-2.2956,28.548,42.008,68.446,82.366,101.2,113.05,132.58,163.38,179.25,199.79,215.03,246.18,251.23,281.13,299.06,312.13,345.53
4.5063,15.808,37.561,55.371,85.188,96.795,111.16,143.99,150.77,185.43,195.63,223.39,244.98,268.93,282.69,307.06,325.74,340.1
-4.053,24.299,35.597,60.653,79.104,93.886,117.3,139.59,160.39,171.77,197.89,222.89,232.02,250.65,271.53,298.56,312.13,341.24
5.0964,23.294,49.294,68.502,85.478,96.994,128.63,143.23,156.84,181.56,204.19,214.89,240.14,263.03,283.01,292.58,315.27,345.45
-3.4877,29.173,38.57,53.291,77.455,92.744,115.55,148.4,163.06,178.6,196.87,229.19,241,262.18,289.31,298,317.38,345.33
-7.413,27.052,49.793,53.446,84.588,95.394,110.3,142.12,165.95,179.14,200.25,222.43,248.79,259.54,287.6,309.91,327.34,348.26
5.7673,29.402,44.231,53.565,75.494,98.913,122.7,144.62,156.62,175.3,200.25,221.41,243.65,250.58,276.9,302.51,324.88,337.66
3.3277,14.229,35.388,57.385,76.509,105.73,117.91,147.6,154.08,174.01,209.33,221.63,240.72,264.51,280.52,307.82,311.89,332.27
-6.9976,24.834,43.94,51.113,87.263,92.071,117.26,138.34,156.01,182.2,201.01,212.59,238.28,267.67,285.88,298.5,312.5,342.18
3.6581,24.175,41.713,52.236,78.255,98.543,115.42,140,164.72,185.38,208.89,212.82,237.52,257.79,281.06,306.66,318.35,334.3
9.1963,10.945,43.892,67.529,73.284,102.53,123.59,146.87,153.1,184.65,196.23,222.55,231.62,253.57,273.06,290.62,323.65,339.27
-4.1355,21.192,44.733,53.22,71.526,105.89,126.17,130.23,157.66,179.47,203.89,214.45,243.61,255.6,280.59,299.31,325.68,331.11
9.0413,13.938,42.17,61.973,70.099,93.096,110.94,132.31,156.43,189.78,202.95,213.73,241.27,267.69,277.23,296.37,323.25,342.67
-4.5084,14.732,40.875,60.932,82.744,92.221,125.8,133.82,160.18,180.14,190.85,227.42,238.8,250.1,271.43,299.74,325.53,343.12
-0.13164,19.009,35.896,57.362,79.481,108.14,124.57,145.13,152.03,172.53,205.92,222.68,236.43,257.56,289.61,304.07,323.65,347.13
6.2354,20.837,33.581,54.39,78.275,102.45,122.51,132.97,157.81,174.2,206.29,225.65,233.16,264.63,274.15,304.39,324.36,345.7
3.8979,14.05,35.931,54.668,78.319,90.583,126.4,139.09,156.02,188.3,203.07,217.72,238.18,259.03,287.5,307.41,312.7,347.23
2.5807,15.807,37.705,51.166,83.731,107.1,112.62,136.78,166.98,184.72,192.84,221.36,242.55,258.34,278.23,294.77,321.35,338.89
-8.681,14.444,36.784,56.545,87.373,92.22,123.75,140.67,158.14,183.15,192.47,214.98,238.57,265.37,275.85,302.07,318.08,347.55
-2.2219,20.05,36.26,61.879,76.932,107.93,120.71,136.3,152.86,173.44,205,217.83,246.66,253.24,275.55,308.01,320.52,337.38
-0.70572,26.73,34.584,64.727,76.582,90.307,113.16,147.9,155.77,182.23,191.07,210.2,230.87,252.5,281.46,292.59,314.58,348.36
8.3642,24.518,34.086,55.079,86.726,105.79,113.52,146.23,160.45,177.58,208.5,226.99,249.76,256.57,282.69,293.23,328.37,344.29
8.9886,26.755,47.513,66.857,82.318,101.6,121,143.37,165.63,186.87,204.51,229.06,248.54,267.93,286.56,292.88,313.55,346.85
8.8849,16.768,30.939,58.023,70.151,106.32,111.92,148.69,164.88,171.56,204.43,222.44,236.93,263.14,274.65,309.56,312.1,338.39
-1.2155,15.246,39.735,66.589,87.533,90.26,127.64,132.85,153.93,186.9,204.9,225.28,241.76,260.86,275.82,308.46,316.43,348.29
-3.5091,20.457,31.56,67.888,70.457,90.81,119.66,148.61,160.71,171.6,196.27,214.04,233.36,264.62,273.73,290.25,311.39,332.09
6.575,16.548,31.663,61.262,81.819,100.77,124.61,132.76,156.44,183.62,196.04,218.71,241.52,268.05,277.72,303.63,314.47,342.11
6.9662,12.83,46.714,64.984,83.393,105.76,123.26,136.76,168.45,180.58,208.79,215.7,236.47,265.68,277.61,306.64,310.5,339.47
-4.3165,21.379,35.092,66.881,84.754,96.725,126.31,139.11,163.02,175.07,194.23,216.14,244.62,259.59,279.89,302.51,329.74,343.76
-9.8044,10.686,36.081,53.158,77.903,96.122,128.99,132.57,157.22,184.54,209.07,219.96,235.52,257.69,272.8,293.85,314.88,338.73
6.5667,15.688,31.684,65.587,81.572,94.187,128.66,144.38,150.18,173.4,198.81,218.54,242.92,266.71,289.55,305.61,327.23,347.45
6.1882,28.667,31.682,60.939,80.597,108.18,122.02,144.65,157.14,187.03,198.66,227.29,247.02,265.46,289.97,298.57,324.84,344.02
6.4021,12.337,41.935,53.193,75.38,99.11,118.92,149.18,169.19,187.93,208.68,214.74,241.12,268.14,279.11,291.66,319.37,340.46
6.6681,25.067,40.119,55.09,73.792,91.6,125.51,132.73,157.95,178.37,201.89,225.96,248.69,254.08,270.65,294.32,317.3,348.37
-3.649,16.807,47.658,69.656,76.875,90.44,120.67,130.14,150.53,185.84,206.73,212.38,246.77,263.91,285.32,303,325.2,330.44
-6.4204,12.993,31.089,58.342,87.204,98.927,122.22,136.29,169.41,177.13,206.81,228.41,235.2,261.89,276.76,296.61,315.3,331.77
-6.7288,11.593,36.167,55.427,87.248,98.893,129.6,132,158.35,182.78,206.1,224.21,248.11,257.37,282.53,305,324.27,347.37
8.0425,29.43,37.785,52.496,80.865,107.65,114.36,142.62,162.63,188.22,195.55,220.99,245.6,259.88,287.65,309.36,324.17,339.01
-3.6526,18.185,36.125,53.408,87.344,105.84,112.23,132.6,167.98,188.28,209.62,211.29,249.02,257.77,288.81,300.97,328.38,341.96
7.4642,17.524,34.804,50.496,78.023,106.27,123.14,130.54,155.02,170.06,209.11,220.7,238.25,264.43,281.33,307.53,328.74,346.46
-5.603,23.205,32.798,65.443,74.935,100.4,119.14,137.2,158.31,174.51,202.55,217.43,241.87,258.84,276.12,303.11,327.91,334.64
-3.7488,27.689,46.537,63.87,87.758,100.78,124.2,136.71,162,172.88,196.91,220.37,238.86,251.24,270.29,293.76,317.46,341.57
-2.8026,29.864,38.3,60.401,74.003,92.935,129.37,143.12,168.62,175.08,202.37,226.72,247.45,261.8,282.3,290.18,324.57,348.18
4.5846,13.549,42.654,63.15,74.928,98.852,112.79,134.64,165.47,178.63,206.59,222.17,234.7,263.78,280.99,303.64,320.41,349.39
5.6367,12.09,38.351,67.023,82.977,108.91,121.1,149.68,165.69,179.5,201.5,211.99,234.93,260.95,283.83,304.87,317.83,349.34
9.1002,22.964,38.494,60.085,87.547,104.35,123.26,146.07,163.05,173.15,198.32,215.67,231.79,265.04,276.3,293.68,320.8,336.03
8.8133,12.483,38.182,52.965,80.001,109.78,127.05,134.13,150.93,188.1,190.88,226.76,236.87,253.17,282.67,301.98,322.01,336.02
